pilotID,copilotID
1426,636
813,4448
1256,4256
1998,2382
3845,2690
2860,2944
2871,1137
2729,1852
2713,2425
4870,3382
1757,3825
4928,5059
696,4112
3558,2197
4970,467
2486,1610
949,3062
186,4626
1292,4909
2921,1991
449,1221
3371,3648
1256,180
3731,3340
878,2995
2911,141
697,4125
2090,274
1775,3790
2018,2784
1996,736
2411,400
2345,1674
3124,4864
2369,3592
2266,4181
4782,1666
208,4600
2270,4105
1204,4979
349,3997
3242,2673
4966,3196
1242,3270
2093,3583
1744,3543
4318,4584
2632,2014
5090,1680
934,3628
2033,3171
4266,661
3622,4141
2861,1670
3490,4835
4819,1347
969,4567
3820,1252
3398,2189
455,1638
3910,2960
3391,2366
965,461
4179,802
4937,4453
2748,2188
180,1632
4998,4782
109,842
3452,979
685,926
252,328
1887,4610
3169,2108
537,1923
1389,8
3751,4586
1788,3437
1807,3971
259,2264
1821,2949
2279,3193
4370,3056
2361,4363
2730,89
2442,560
2232,3475
527,2085
4538,339
1983,3404
1526,4799
280,3921
2785,71
3222,1481
2515,2825
3016,207
316,943
713,3444
436,2793
3852,4432
1511,4981
4645,4527
4255,3072
4988,4581
1627,2183
4837,4595
1393,4890
3646,648
1433,80
1865,4605
1857,882
4588,692
1702,4833
3607,2477
997,4665
4404,427
4247,3026
2426,4644
2328,3618
3720,768
4406,1618
781,4530
773,3965
3186,1983
401,1893
3334,3441
1907,42
3206,372
4430,3549
1485,54
4089,1638
3569,1306
3170,1045
4542,742
2855,4888
546,4941
300,3212
4083,4556
3838,1630
4109,2732
1219,686
3923,2115
2447,2111
211,4682
2592,3743
1462,1571
361,125
2726,114
3865,1251
2138,2842
2110,1816
1716,4401
562,3841
2387,2144
4040,2914
3693,4116
1292,2629
4398,2502
1716,1907
2978,22
3144,4260
4505,556
1518,4019
2185,265
841,3617
2029,1727
269,787
3757,4329
2177,824
2759,3677
287,2516
2593,1255
3142,2524
3955,4540
610,4799
1579,2057
1355,1421
1275,2041
2235,4073
496,1970
899,4702
3240,4804
1428,1227
2069,3171
2949,41
2750,2930
3872,4965
3739,1295
2427,4954
3567,3824
426,1855
1120,142
3723,1097
2272,2060
4870,592
4908,2398
1512,1034
1755,2066
1226,2397
5078,3651
188,3776
2574,2983
333,2628
2042,1753
3212,608
197,2771
2124,2586
4140,2844
2438,1618
2859,821
1712,519
515,5063
2750,986
2175,2729
3009,2572
1283,3799
2729,3844
1458,3007
188,3643
2051,1697
1121,3268
3245,3465
526,1550
2245,756
1024,2682
2530,2720
1025,3217
2651,4500
3331,964
451,5078
4591,3287
4170,1859
2729,2073
4980,1951
3334,1228
2929,3216
1011,1124
790,1615
1810,4146
3110,2664
660,5073
4947,2714
2615,4603
869,1724
4016,4020
5082,1386
2545,907
500,3663
395,1547
228,3131
376,4326
2067,4089
2785,3847
4283,3144
5005,1722
1203,2457
3325,1149
1077,4574
4391,4176
746,2432
62,2444
3824,4136
1657,203
221,4004
4738,3831
4865,3540
3181,3059
754,4806
2791,1930
1180,1399
281,2042
3327,3344
3017,1899
2838,1700
2845,3181
521,3027
4453,4502
4055,902
228,3520
4646,4622
918,1084
4302,1794
4045,2414
4503,2550
906,1386
2451,3201
699,460
4218,5017
946,4552
1162,3286
561,465
1284,904
3932,626
1921,4907
2740,3546
4812,4851
1261,2857
1032,827
478,4055
70,3899
4074,3016
3604,4612
2111,1241
2058,4788
530,2386
2082,3939
4261,4022
4921,3989
2654,861
2713,2162
3040,397
1958,674
2557,1965
2288,1067
1179,2602
3304,2025
518,1571
2514,4351
1022,2234
3137,883
1886,647
1554,4911
151,1571
1904,1990
461,1360
3,1310
1078,355
3885,2324
2566,4273
4197,1520
791,356
1866,3404
4251,113
275,4142
1196,3128
476,5061
2396,2018
2564,3928
3978,4376
3681,1165
2495,4967
769,2140
4895,4460
2021,1823
4625,644
917,3825
3384,3949
1813,308
246,4210
3093,406
4141,311
1123,1700
2969,4007
5040,2228
3704,2192
2507,3753
691,4062
1028,1984
5087,2801
4877,4514
4976,248
1161,4440
1015,5068
2426,1834
848,165
2943,4067
1255,3063
742,1018
227,2796
3962,3815
4988,4827
4381,2847
4760,4453
256,3842
1764,3909
3325,319
190,4157
2023,613
1742,3515
3775,3627
2361,2647
4284,218
4962,4808
2763,3851
4942,4839
463,1558
2405,319
1672,2711
2201,2884
896,1434
2563,4094
1767,810
4017,2958
4590,975
4315,1687
4387,3164
1477,3134
855,2878
1136,4406
3098,3036
29,2276
4390,1943
1015,754
5097,2679
3620,4158
2210,543
1752,3841
4262,1858
4145,4567
758,2922
2752,3669
647,2761
812,350
4139,3349
4144,3058
2671,1523
2506,1533
3965,1823
3108,4187
4605,783
219,4899
4040,98
2448,4028
3027,3547
3288,3698
3950,308
1329,4358
3586,3747
4434,3461
2846,1403
4335,3147
4244,5086
4544,4844
1683,1718
1372,1303
4085,4103
4178,4883
942,4014
1796,2732
5087,980
43,1442
959,2968
1691,2023
598,1770
2861,4613
1295,3520
4219,3919
3394,1682
1347,4857
2820,1033
1111,942
2110,2403
2819,950
2180,3231
4371,4781
2839,365
1906,3346
1662,4142
606,2396
553,3542
2866,2356
446,5027
4670,3786
1802,1495
501,2730
2742,4577
5022,4023
80,4398
4798,1887
1933,4063
2681,860
1160,1024
3528,3199
2947,3726
3769,3926
1281,1551
4501,4180
2504,257
3856,2507
4966,470
2072,2751
5098,3896
4272,4818
3729,374
1,2200
4304,4881
164,2667
2400,4421
883,3902
2347,1759
2022,4606
1614,952
93,4347
2955,4472
1119,204
3911,1939
1426,4557
3560,2291
4854,3505
3904,2016
3368,1916
355,229
867,3834
3880,1091
2476,4567
1946,3682
3607,1638
2785,2767
4805,3386
4635,5040
3096,2375
1137,324
3618,2364
3323,1935
3052,1577
5,1790
3988,3875
1115,1650
3235,3378
317,1878
2747,3283
1208,3656
3286,4115
1003,3624
1639,1805
1053,3849
2229,1027
5087,3307
4134,4469
3542,4185
634,316
4900,3061
433,2876
3367,62
789,2055
4989,1444
4000,1113
2162,2955
1957,2459
840,74
4851,1411
3388,4007
39,2255
3269,3314
4260,3313
4927,1116
1496,2774
2909,4867
2656,4762
4147,3360
188,3991
4475,2682
2545,2158
4149,2342
3370,3806
4815,4513
4493,3514
2862,2656
2692,4887
1320,960
2328,579
33,3069
3962,4634
4180,1625
4344,1868
1355,578
3831,1474
1693,4344
2217,3154
3614,3037
3750,3580
4202,2262
1351,2681
3799,4887
666,3412
1885,2976
859,2506
3658,5039
4203,3935
4054,2672
1589,3860
564,295
181,1281
786,454
1648,331
2821,2886
1130,4603
4228,3540
43,4633
1098,3997
3276,3490
3105,1218
3830,2553
1043,2850
826,1453
16,1507
2513,2181
2278,4383
1333,4222
2831,148
2072,1127
1072,2968
680,1294
4012,3667
105,800
2966,289
3522,3516
2456,3220
3469,4049
341,1563
1922,2439
2336,587
3805,2706
31,4482
816,4726
34,2450
4450,1691
4516,3555
1075,1424
4134,3715
1786,2956
3776,4194
1898,146
1822,239
3027,1346
1275,2234
1241,422
2105,4238
4898,4895
3364,1951
2103,4704
4968,2283
859,4518
3795,2478
3016,4389
1167,1948
4412,4432
2828,1445
873,3217
4647,1116
3573,3278
4762,3836
1116,808
3629,1781
3042,1012
1121,154
4118,3388
4796,2669
4774,1383
4803,3136
1246,910
1220,1092
2461,749
1781,1932
4408,1427
2186,3843
1318,1515
3888,4647
1464,2971
1069,5009
1341,2117
2340,3970
4747,2769
2766,877
3423,1965
2220,2007
3521,141
1509,2673
2754,1984
2035,2700
3329,3728
4527,4313
2931,666
2397,1505
3593,4934
4926,1901
4317,678
2392,1879
725,3406
3684,4199
3409,1742
3463,172
2330,110
1054,4685
4840,4797
4432,2
519,5014
3435,3156
3781,2288
1497,5035
4846,2850
1658,1726
4613,1275
3122,1504
2638,2341
2713,1647
842,1638
1784,2539
3515,3842
359,440
2233,2708
2486,579
2745,5037
1043,4948
2371,1582
478,3730
117,2221
3508,3444
1164,1467
613,859
4630,1659
3409,1905
313,3802
309,126
4897,4623
155,1515
5090,1123
3444,370
3970,1242
2642,3204
2239,4553
4465,2982
4972,1212
4446,4137
4635,2646
3667,807
4540,2907
3538,1709
640,3139
2838,4403
2085,4221
2097,305
996,5010
1175,5013
3659,4730
4953,1409
832,4548
4687,4311
60,4047
3433,5016
784,2724
1328,3872
3301,1803
5052,1937
2583,669
1758,497
1061,858
1926,2119
2530,2633
1718,2548
2562,4028
2377,2009
2642,2000
486,984
3810,4900
1734,3788
4129,2027
1693,3915
2952,4388
3532,908
475,925
1494,3216
3929,2815
2438,1703
4168,35
1805,5002
2382,1542
2207,4975
2089,1683
4595,4616
1811,4060
272,981
1360,4428
521,2262
1436,1341
1549,5090
4463,3823
1071,431
4073,3595
2107,2008
2020,2740
184,3814
3504,1820
120,558
1740,908
4080,877
594,451
17,4754
4456,4980
2827,3221
1652,1419
1690,2974
815,222
315,3185
2766,4780
4885,722
4298,4792
2856,2667
901,1596
1375,4377
989,4319
4435,3820
51,2983
3849,3556
1779,1309
375,411
2960,2681
4393,2358
1731,533
3571,2535
446,4440
3456,1887
2529,4
3046,1810
207,1193
115,3948
4907,3618
1681,3209
127,3811
3787,844
1638,3556
1347,83
1098,3653
2767,79
2962,4672
4895,299
2333,766
2103,3234
1150,5
768,2920
2116,1026
614,2133
4335,3843
4329,2725
3063,1929
879,5094
693,128
3042,2437
2017,2415
3745,4054
1726,2601
3855,2942
170,4071
100,4488
2106,458
4265,2647
4809,1637
3478,814
3133,5085
1595,4509
2721,3821
1415,3630
4940,3785
2574,2210
1033,2120
2184,924
4723,1533
4315,4697
1713,3893
2492,4583
3629,3728
2764,3466
565,2894
4997,2756
2725,2971
2143,530
1853,346
3181,1919
3465,720
3450,506
335,3837
3748,514
3814,3388
3845,683
2605,572
4996,2419
4995,3602
547,1278
4225,3864
1608,2510
579,1056
2526,405
1200,1579
818,1282
1746,698
3034,2750
1265,2081
3523,3984
3251,927
4054,2915
2736,3809
2061,2525
1812,3898
317,1046
458,973
2016,646
286,771
2314,3023
883,516
1339,3029
3547,2477
2769,359
4554,1366
857,621
4222,3998
3784,3617
4945,1327
2902,4664
4444,3279
3270,1688
3829,1711
1967,1470
338,78
2146,107
556,4442
223,1089
1396,332
1169,4380
1167,67
2551,2139
3093,4549
2944,3442
4619,452
3795,3989
1368,4307
4318,796
1189,1006
863,1516
393,94
1389,3138
4263,4931
3476,2400
4848,4324
1841,3157
4818,941
207,1908
427,122
2274,199
5089,1463
2697,1846
3774,2729
1773,1081
4677,2389
1913,369
4003,2233
3855,1307
799,4615
3623,2973
256,1112
2790,3216
821,3615
4588,1797
3480,1190
2082,2602
4883,2628
1840,4973
949,5097
4080,1960
2826,4943
480,519
2704,747
3817,3570
3121,2632
212,4114
2604,156
4672,2870
2894,1963
1573,897
2883,1395
1216,177
1682,1517
1689,536
3176,340
682,3406
2184,1036
664,1050
2505,1485
94,1168
2343,3352
1408,2631
2293,3566
1915,4794
2987,2212
4835,77
3514,2371
2843,159
4167,4635
2982,4217
57,2098
5073,2611
2901,4469
1100,1296
2370,1773
1489,1077
725,1337
4190,1645
1897,3003
3385,1074
4074,1657
3159,2598
4803,4391
4484,601
2184,1282
4085,2590
3554,2287
1208,757
5010,2467
1413,1485
2449,2873
4359,1161
1297,3419
3291,2491
1229,3076
1875,1088
4147,639
4471,2635
3795,4309
4871,4406
4833,437
1650,124
344,2776
3283,3686
4018,2557
1527,3283
2505,2159
1644,4194
403,3649
4038,1269
3099,4933
2258,4082
856,4128
3050,2956
2868,1386
1926,1242
3016,1368
2053,4465
1698,1420
1780,572
2265,199
1398,4910
4301,764
4300,2835
781,2863
3049,174
991,2937
4729,748
2879,2257
2049,1347
2869,3743
3945,1149
4760,3298
4156,295
1594,5078
4130,4969
1348,8
4286,1926
1809,2340
143,4991
2327,2548
609,2949
1298,738
1656,3298
4388,2482
827,1166
877,2389
691,3004
2696,4113
3673,2042
343,1950
2363,4173
3431,70
1589,333
1291,40
4990,2634
3844,3375
387,339
1339,1477
1681,4222
1273,5074
2689,503
530,1580
2961,1200
1811,3004
4150,593
1715,358
2574,1013
425,1298
4777,2024
2395,4573
4619,2362
2985,2300
7,3675
382,4484
4921,1286
1068,4373
2180,4192
4815,676
126,2509
2658,1477
2913,3900
5023,1458
1308,4484
2897,753
4756,2192
1891,2198
4982,156
1432,2180
4524,2083
2100,3295
2913,2496
3408,3840
1368,4454
658,3815
113,676
2051,1585
5043,2352
173,4481
333,1128
1356,2677
4562,1501
4822,2783
4134,3800
2419,4700
2316,854
4274,1672
734,1148
1381,3125
1408,1216
4741,45
3680,241
516,113
333,362
2077,2317
1409,2679
4518,3841
522,4798
4983,665
713,1460
3597,4913
3549,2957
4088,4810
1407,253
3181,1375
4360,256
5092,3594
4460,4389
2985,654
1263,545
2250,3054
559,3794
1571,844
3887,1547
4685,3411
2820,258
892,2866
1118,1380
2125,2407
1899,4179
2225,4250
772,1309
1785,1300
5050,518
5093,351
2578,3001
1404,1153
1223,3973
3903,2999
2850,2799
347,393
4943,1172
321,2593
4428,1107
3304,4213
2169,4758
2752,3590
597,337
4105,1786
4294,1243
3459,1922
1759,436
969,2445
4837,4247
3968,2618
2126,2584
1306,2174
1956,1227
2449,2367
741,2646
3058,3885
3692,3523
4189,4809
498,345
4108,1405
4754,4744
5007,1824
1096,2940
2086,2351
2744,1939
3199,3749
1474,4697
671,2121
36,799
1858,958
2216,2342
1335,2329
1833,962
3082,2171
3025,2058
3933,4542
3738,561
713,1327
930,3181
4947,345
1635,3512
963,2809
374,1001
3576,1270
3398,4731
3735,2833
3748,3611
4512,2691
1744,1209
2014,45
3801,2639
708,1576
972,4997
373,2916
1076,2164
2888,4309
3290,2714
3121,3881
2862,2991
175,2939
3677,4448
3558,1860
1960,4473
435,4534
4842,3300
1889,1219
2205,18
198,2054
2310,2324
3051,2664
4290,1139
3907,4942
435,2155
804,1603
4750,2246
298,4973
138,2805
1061,862
837,4812
1298,4238
4150,2275
1360,1228
2133,4301
2598,3346
3861,3045
982,1995
1077,4488
2826,3248
1015,3056
3841,3312
248,1606
2018,3430
391,1093
3361,3222
1252,665
1250,3153
3126,502
1376,2847
1925,1965
4205,483
855,4600
620,3958
2678,181
4894,3075
356,4039
2826,3567
4466,4140
4418,4114
1793,2024
1340,2192
2632,1548
472,4599
3232,3012
4659,3338
1565,1409
728,4288
1088,29
2068,4459
4792,3065
1210,3332
1710,827
4559,271
2984,2254
375,1052
2020,1386
1799,3086
818,4411
3635,1939
4864,2426
3976,1128
2725,1892
3546,1826
3748,1890
4288,2985
4576,599
4035,1380
2715,3562
2701,3613
502,3138
15,2258
1605,4473
2338,3728
506,2760
3889,1946
4990,506
818,3704
270,2098
363,4428
284,3010
4381,3850
4617,685
97,4807
407,1919
4458,657
361,4477
2352,346
4403,4441
3203,1633
716,1921
3146,4752
2478,2495
4106,45
2526,1371
1663,2084
4451,3308
2901,3134
500,4106
4047,2983
4287,2931
2941,287
522,566
3065,2618
5027,2506
10,3174
2740,2064
1780,3076
2360,3300
74,1755
5071,2300
3624,1494
4285,1145
2368,1981
2345,1434
438,1995
4398,2947
4382,3964
2050,4938
3315,1067
3028,3756
1264,138
2771,1455
428,440
4013,3241
1308,1492
4295,3856
632,2210
1230,818
1680,1286
2572,4882
741,4436
3649,3662
887,3255
2413,4381
1003,2261
4428,3975
15,2441
3577,3439
3987,1463
4454,3673
677,1212
3326,700
4397,3243
3504,224
43,906
1583,4061
3037,3311
2096,194
4416,3744
3588,475
3787,4300
4544,2233
1450,1797
4750,2389
3828,1843
4103,1018
3006,3335
1131,419
220,1680
385,1088
1439,4467
3494,100
3214,2604
4434,2083
2867,4354
3580,4043
788,2129
4298,1560
3391,581
3829,4241
2924,4934
3338,4324
3248,4678
3971,261
1287,4473
340,3449
2077,4190
4872,4454
765,1437
77,1164
4820,3857
4127,4118
1651,3420
1665,4266
4519,3873
2369,4090
194,2675
3742,5069
104,421
4703,2744
4646,3292
2218,4445
1569,4725
494,1296
3179,3838
1299,4060
370,1729
2229,3099
1579,7
1835,3606
2695,2515
2254,2011
2174,4769
2461,2236
2788,2781
3505,3436
92,4375
4797,2537
2182,2959
2383,4463
1321,2249
4781,5007
1963,1396
1534,4248
4423,3439
1705,2100
4363,3897
3051,73
4419,3690
598,1726
2616,2977
3771,635
2848,3695
4119,1412
388,222
1594,1294
3202,3426
4365,2311
4894,1035
3924,800
4970,882
1644,3449
211,4556
807,3726
772,3250
914,5093
3585,3373
3132,3406
863,2644
4342,3964
4456,1125
2312,1018
3515,4779
2248,4454
4970,1843
2674,4758
1669,3183
2476,2590
3481,4128
2303,2292
4587,77
4150,986
4542,4686
1371,3038
4958,4999
4788,4334
1478,5020
3164,2322
950,2727
1930,2238
69,2046
680,2747
3176,1512
1411,2675
70,4241
1544,2557
3448,1990
2725,1616
4095,4271
4911,1001
2342,137
206,1083
70,3119
3101,424
3406,2420
1298,110
1446,4466
818,765
1017,53
1965,1074
3428,14
4628,2622
2661,4855
4898,1647
4546,5000
4738,282
4009,1779
331,2569
4418,2951
4679,836
1350,1872
2389,343
3991,1960
521,1886
1477,4311
413,249
620,3258
4897,3892
3198,278
4982,765
2306,3809
367,4355
3964,282
3417,1023
3261,4112
2465,3133
1394,3246
4333,1028
411,4255
4299,1384
4786,3561
1530,588
66,234
237,3794
1684,2032
1306,104
4097,1707
3042,1477
1686,3843
3023,2607
2771,3951
3252,3419
2345,4130
1322,4354
2856,839
2210,2165
4557,3530
5,4257
1982,297
3675,4066
4775,4127
2412,4483
679,705
1652,5090
1029,4375
1399,3796
3628,1690
2624,3414
509,791
1108,3289
4588,2368
2243,3768
4279,4066
192,852
43,4671
1152,384
1826,616
351,4474
584,1504
1787,2956
3073,777
4215,3509
2948,739
107,2742
4483,3496
4773,3713
5017,3452
2091,5091
1583,758
4648,4623
725,4082
520,4450
1105,4771
5086,118
4620,1741
2917,1300
796,271
1920,3637
2123,4130
196,4584
4594,2183
1018,1899
860,2812
3290,5013
4004,198
4426,4845
3017,4491
3644,3024
1880,179
1903,3100
3258,2344
1521,3861
3539,3498
1846,413
4646,4485
1885,344
2482,3390
4662,2060
1037,3696
3891,3919
3858,1178
2228,2519
2217,1964
2284,150
50,4228
2954,1661
9,158
2059,1587
4388,3170
4826,4447
3614,5065
3573,3945
4597,804
3420,4363
2008,9
791,4875
1447,3168
3918,2276
146,4079
3896,140
372,39
980,2233
2322,3984
3265,3499
942,1813
2009,2741
314,2107
4734,630
2689,4337
2019,4041
424,1463
2562,5001
794,3841
5049,2792
4323,2678
1948,4586
2303,3655
2724,4455
5088,4620
1401,4399
2785,3329
3704,1238
5030,2966
4696,4792
4195,3731
4963,2076
1559,3984
4011,4215
223,3237
184,2301
3967,626
2332,4528
403,476
1463,4157
3694,3575
1837,424
4039,4808
299,1604
4766,3423
983,2477
2816,1439
4318,2249
1478,2250
1469,573
365,3723
672,4028
725,418
916,2476
1076,1901
4240,278
2266,4787
4875,4172
977,2431
1739,2410
2571,2404
3054,3106
4392,4896
4432,3411
166,889
3901,2772
2248,3948
696,4067
2654,1451
721,2301
444,3255
1091,1403
4164,3724
2967,919
4452,4541
4183,1624
5016,1268
1896,1798
4343,1476
3909,766
4206,4252
3199,4248
1622,3571
1679,1935
4474,1594
3901,4226
4658,1003
3629,605
4913,3723
1377,379
4566,1556
4711,2280
386,5001
2244,1965
4845,3347
4031,4163
3274,1182
4773,3773
4657,889
4083,1157
1838,1943
824,93
3030,525
3558,822
1200,3213
4798,2575
3884,3985
3626,2709
2816,1238
1214,3546
911,4942
3441,932
4629,634
4800,3632
1408,5058
1087,4930
4266,3625
4764,1004
613,3459
2648,2001
1339,453
363,1106
593,4122
3068,4166
2661,1715
1117,2046
1030,1619
1393,4223
725,4943
2887,2418
2106,17
2153,1714
2133,855
3016,1917
1730,1989
1232,3101
1820,3668
1292,2872
2363,1042
186,3313
2846,1563
1733,57
4160,3435
344,2411
277,312
478,3064
825,194
89,4092
3,2555
4047,1259
419,3301
2150,4469
2711,385
2706,2916
1967,2087
4257,1598
4654,3699
1469,2236
1881,3682
1513,4951
1695,1374
1647,1231
568,4615
4419,4772
3425,2732
4016,2987
3074,2158
3365,2130
573,3682
4527,3499
5019,4176
2668,2620
1184,4103
4143,775
3853,370
2110,377
4081,2481
4304,836
3650,3366
1524,3221
712,5084
3884,2486
5055,2310
674,1615
4978,2485
1248,2034
3448,984
1829,2741
2892,1827
4732,3488
1112,4282
3822,5038
4366,4679
624,1521
2430,617
4481,494
2755,2199
484,1268
3986,2689
2191,791
507,893
2679,3349
1823,1375
3153,450
2010,4899
61,2741
3768,3691
3791,4693
388,2253
3113,2655
549,3790
1686,4717
2485,2935
1876,4200
1397,2778
1942,612
3920,1547
3043,3209
693,3876
3465,3952
3611,1285
4670,2172
2193,1793
2271,3641
3346,3268
4202,3949
2086,115
3701,5040
4072,956
3752,4825
758,562
1553,4359
2780,1633
5065,4443
3370,4019
911,1154
2878,799
607,3049
4257,2344
1633,4875
1156,3669
3048,2281
1033,687
4633,1167
1131,2308
1555,96
1249,3423
4887,439
861,2116
4786,1339
2872,2645
1079,1592
1943,2167
1857,1344
4078,4957
4785,124
4696,3444
562,2971
3808,2793
348,315
462,4017
4341,4361
2475,1172
387,3908
4362,131
1712,1336
1359,641
2704,744
125,4061
331,2120
4116,4556
468,4472
4420,3890
4420,4444
3844,3740
141,4496
1077,1758
4312,368
4159,1247
3107,3438
2850,3850
3961,625
347,2421
4242,1199
549,4745
1968,2822
1889,4479
2005,2212
1749,3714
2783,230
4413,4882
2803,3052
298,3793
4680,1421
357,2629
1369,3575
3073,4530
3733,4591
843,890
3176,2431
493,2946
2583,5058
4315,3050
3347,3622
3722,3294
1173,1699
1935,2029
3429,2769
3986,1315
3420,4727
1553,2784
1074,1396
283,2465
1043,1182
482,611
2737,372
1279,4733
750,138
3,786
4704,561
3435,4456
4516,2258
1471,2285
837,4546
200,3160
1850,2284
1407,764
2069,516
33,2792
3106,1967
2545,4658
3459,616
3925,4976
1635,799
2466,2292
415,704
4108,373
3727,1800
2961,1474
1651,5060
4600,4037
3361,941
950,3622
2158,4027
4501,3735
4695,601
824,38
180,2019
2740,1945
1265,1908
4173,4898
4442,3573
1612,4653
4935,2711
2576,4678
4427,3709
3562,849
2561,4317
3470,3888
1924,4376
3666,2486
1163,894
4003,951
4614,2605
5095,2790
2021,3522
3332,3706
3762,1120
1495,1700
383,873
2909,2431
3794,985
4441,1961
3182,2424
4781,4712
2790,2796
3829,492
3082,1063
435,849
5031,2652
2513,1236
2366,1737
3765,1138
2895,2710
859,5031
563,5033
2186,133
1642,2285
66,4396
3483,3599
448,2241
3783,2774
295,4761
2328,1263
4107,1473
2389,5084
4746,254
3756,3754
2118,759
3250,420
104,2180
3041,3371
2812,3054
2285,2409
3233,946
3886,4807
3000,235
4594,1307
1191,3820
3953,684
382,4953
811,4521
4747,4155
4505,2855
4910,3953
2329,2685
4406,2168
473,3753
3644,2295
1096,4279
4605,4642
3771,1975
1651,1895
1256,3775
4188,390
2073,3615
4439,429
4855,2900
4942,1232
4604,4823
2524,3421
4314,3181
1991,1493
4969,3937
3739,155
811,2351
437,2035
4116,814
3738,4103
1053,2337
4888,344
4489,4922
2110,2593
3823,3836
1198,4099
165,1530
1076,3450
3004,4473
2449,1205
1469,12
2109,4534
4205,1270
1664,3616
2748,3868
1670,342
2714,424
1771,3918
3797,4642
4487,228
4217,292
186,1788
2177,1555
2498,444
2330,2610
402,1893
3626,863
183,618
4124,3400
4224,332
1945,3808
4036,2792
284,910
2499,4420
727,4846
2150,2013
2090,3255
4922,1462
4664,4326
1168,3155
598,912
2015,1064
3252,4517
4992,1326
1470,1426
1978,3788
1098,2427
2414,960
1956,1088
549,1399
594,4157
2372,4084
927,575
3137,2291
4281,275
2669,1680
4094,4576
3540,2371
4,61
5086,2725
246,4753
3705,641
51,2839
759,2911
204,4296
454,3102
4192,2781
3565,4207
2937,3572
3799,4248
2246,1191
1742,3674
1035,4152
4870,1089
1297,1097
736,1677
1166,2760
1774,2170
1411,3482
3629,2047
3422,6
4261,3611
2398,2495
1635,1127
178,3213
3756,4909
1217,146
1753,388
3236,662
3821,4464
2575,4896
175,2287
5087,2924
1675,2058
2902,4325
1181,4028
1588,4414
4084,1417
4665,2780
1301,3196
4771,3836
2859,191
2037,1665
5062,1439
3524,1016
1021,2142
1926,5080
1719,2086
3076,3281
696,4443
2654,4208
3965,424
3971,4970
737,3481
3052,479
1034,1067
34,506
4531,4113
335,3752
3269,575
5050,407
3655,4639
3314,2748
174,3703
5015,2746
848,3669
3444,5013
150,2381
1371,4744
4252,2164
4611,2673
552,3686
2361,2829
878,2596
2183,3931
3509,4774
3919,4314
678,4518
2884,1304
1219,2515
2473,2436
3311,2522
2409,1133
802,3828
4875,2417
4610,3405
2587,2222
24,1337
3568,946
5094,1407
2386,1415
4586,3960
1869,1663
3081,2144
632,3164
3283,317
743,2850
4538,976
5023,4120
1112,624
281,1523
3214,3384
837,16
3047,818
3868,2088
3582,4640
290,2092
2771,1165
2825,4183
685,470
2314,1755
3062,3396
3589,722
2170,77
214,3255
2650,1230
3142,2896
3175,1661
3704,4594
4745,1906
2682,1402
1995,761
2751,3479
1641,2035
2098,3
776,48
2286,1736
2501,4434
3823,3473
4653,4611
3701,1107
4129,3000
74,2734
1964,3400
3879,1569
883,394
5016,3599
3480,4024
4660,601
3135,1493
1253,3172
3356,469
1935,1732
2825,3087
4515,1782
389,523
4443,712
4621,3050
934,2651
2656,4894
4087,696
600,4872
3293,3395
3593,2367
213,1600
4785,3758
4895,1039
924,3731
2468,1123
3587,1390
975,2646
4232,908
1748,4722
2439,4054
306,4884
1800,286
1195,781
332,4541
3114,558
321,2553
4500,471
1399,887
1877,2136
594,4391
4534,4247
2512,4353
1458,1240
54,458
3019,2737
4655,3387
3705,1073
4244,3990
1177,4416
1271,510
3947,3084
4746,4387
4414,1955
177,1055
4513,2228
363,2793
4808,4609
591,2541
4726,3394
2647,4160
2691,901
4421,4349
3414,1969
644,255
3795,2816
1243,3524
2826,2946
4478,3088
3491,516
3570,3750
3782,1110
925,398
1593,4387
1629,137
4788,3689
521,915
3186,105
4549,3417
2337,4552
4546,2364
2821,2992
1286,3354
3122,1502
1546,2104
165,2544
4466,2468
1729,56
2056,1602
1322,5027
438,4794
4963,3539
867,960
528,380
4045,1447
959,4939
4740,462
4313,223
812,3031
4768,3585
439,3270
4598,4960
1574,3715
2978,3357
4219,1987
1816,4507
4625,1814
2807,2297
1538,2403
3768,1913
865,4087
2378,1933
1417,119
243,3945
3692,1462
1471,604
4462,2530
3984,4701
4755,1871
332,2474
904,4822
4419,1730
1919,4881
563,2699
501,2350
4470,3046
850,2540
965,344
1635,4542
210,3356
4728,1661
2276,554
3983,2332
3426,4807
4077,3474
586,3003
85,48
4804,4265
4177,4150
3945,415
3589,4827
292,1748
5057,2613
4376,2975
885,750
931,3017
2321,4175
3118,3207
4665,679
1389,2324
2089,4069
5074,2663
762,2408
4597,4528
4249,3711
22,1700
3643,5049
314,4275
3113,809
144,1539
2455,821
5074,1012
2940,1648
1549,315
3777,1554
3193,77
97,4346
3918,3390
3001,2783
34,922
3266,2797
3858,171
333,3633
2393,1
5021,4241
1612,212
2057,3968
180,259
4301,1128
2372,1411
2478,2960
3798,1114
1116,4427
3835,1888
4567,3294
2790,4197
4862,4113
3629,2806
2530,2494
223,3129
175,4749
3559,893
4295,2020
224,4259
876,1697
2371,3850
2361,4730
4377,4116
1493,1238
2289,1713
2695,2923
3809,495
1075,1114
735,1310
2602,4375
1903,4701
1235,1459
2786,3484
99,4018
78,3967
426,634
4731,4590
1350,1262
874,1047
5002,2952
4236,2174
2552,4161
859,4226
592,4172
4865,3209
2464,778
4076,3727
1054,1690
3449,1687
2153,1403
529,702
4268,2608
2831,439
1691,858
663,1660
4830,2598
1904,2422
1619,1149
2610,4042
945,170
1712,287
4147,378
3531,4852
1044,70
4825,340
5013,2055
2937,2392
3492,1971
3917,1452
1142,2166
4812,3647
1813,4849
3119,2015
4398,3128
2345,4729
1544,225
2103,2507
938,842
3993,4404
286,191
2702,4891
3871,3822
2428,1625
1559,2650
5081,470
1722,3687
2356,4876
1918,1863
3586,2391
231,68
677,4653
3905,944
3928,2129
2861,2229
2845,2313
752,1004
4725,4731
702,3365
4677,4779
2763,45
3908,4138
2065,2719
3104,3960
1176,230
4093,1629
258,4908
3601,873
83,910
1801,1420
2820,1664
233,4263
3992,633
4483,2819
3589,1320
956,926
2480,3087
1591,3088
2036,4697
3076,466
1183,1343
3768,458
4669,4993
3642,2653
3658,2192
4195,2139
696,5072
202,4686
3134,2799
2041,3735
4413,2894
3568,4186
2309,3129
2942,569
4027,517
2449,4912
3948,2405
2674,1059
1682,2722
4583,3233
184,2936
2285,2992
206,2227
4573,1492
3073,1984
3216,793
2034,3815
3456,943
3561,927
2071,4005
3649,4759
2862,3045
1029,4677
4733,3255
3390,3214
1656,2607
4257,3687
2682,2997
3973,2405
662,580
261,1289
4906,3622
4091,987
4769,2048
4273,4890
746,1926
1403,3870
1472,4543
4871,256
4043,2387
554,3211
1173,2949
892,323
2265,3018
2565,1412
4564,3181
1989,4143
4249,1774
4023,4941
4769,3285
3194,4595
93,3159
670,2487
3960,3480
3772,1517
815,4313
764,172
4155,239
520,1197
4889,3116
4032,3690
4207,1735
1483,1993
1692,4367
1927,4283
4473,2882
4795,2658
2294,4839
802,1953
307,554
1927,1085
2889,50
4510,4895
1939,3518
388,4365
2045,3159
455,2582
3475,4879
1682,2494
3238,3028
1662,3736
1821,596
1792,5002
1620,1489
2868,517
2839,2336
3713,415
410,3707
78,1477
3762,3208
4753,2486
958,2203
2937,4180
774,523
2176,3779
2002,1346
2407,3665
3673,3363
824,2258
4811,4326
516,1004
949,4622
2539,5099
3915,3451
224,3563
992,3078
2110,1596
4867,4607
366,2658
3645,3996
2020,3389
272,3095
5048,816
4229,794
1149,4713
1020,3850
4160,2671
3582,3059
2155,3536
786,190
3122,3146
5098,3297
3555,697
2259,3172
3440,1365
235,4868
4265,27
2109,3036
825,2197
4571,2244
25,1537
3463,5052
2400,3101
4668,2685
4084,4914
958,2715
3879,1218
4448,4049
3711,3989
3189,1628
2156,3199
623,2864
3501,4336
821,124
4115,2444
4477,479
4062,613
4336,2827
3952,3865
4335,2841
3922,1853
2683,1293
580,4085
1732,233
1823,1148
3724,2397
128,494
430,1490
4886,2018
2552,3169
4475,978
282,2159
858,2922
3620,3760
1427,815
4143,2695
4879,1676
3325,2303
954,518
1471,4501
4591,3335
3767,1011
2180,3478
3400,4687
2694,1427
847,333
1555,4277
3418,4580
4516,3673
4708,884
2576,3970
3700,1737
592,4988
3290,314
2464,4760
1114,3791
2165,4318
4477,4781
4034,4467
2057,406
320,3343
2737,247
3256,3938
2528,1525
3990,4613
154,3571
2728,886
2269,1211
593,3693
487,950
3047,716
3811,3382
1278,2497
4002,773
1707,595
1855,3794
2545,4636
2395,3019
2301,3728
160,4959
2969,1678
11,1218
1055,488
3593,480
5033,4970
1969,2389
1660,3937
991,4501
1565,359
1800,2439
51,4403
2719,1120
3501,4014
4679,4913
1767,1799
29,1737
446,2741
230,681
3070,2590
3974,1170
4154,889
1868,92
2167,2117
1506,1625
3388,241
1416,4055
2979,280
2476,4969
2791,4332
4464,4899
3071,2313
3642,1665
3913,1148
3448,287
2972,230
3481,1464
2402,3732
3501,4733
1973,3623
742,5082
2469,248
1032,4147
763,496
2059,2341
1254,610
1115,638
2858,4276
2687,116
1281,4897
1253,3287
3969,4854
4123,167
3742,2462
110,2326
3995,3203
4201,842
636,4445
1547,3947
808,1827
10,2898
4637,4246
9,51
4948,711
1240,1997
2906,4657
706,1351
4241,3003
2507,4608
3657,203
403,4134
2554,5069
1747,2782
661,2481
593,3632
4325,2268
1724,1243
3817,646
714,121
2141,1996
2412,1181
1175,2394
1458,3363
4810,4312
4959,3082
2415,491
3620,1287
4667,887
1900,908
2244,1991
4750,4287
2223,1517
3146,1386
734,2808
57,4051
1698,1449
1592,4807
3174,1538
2399,4356
52,1083
2528,5009
752,174
4991,3822
1050,471
3018,1284
1990,1675
4767,2980
3057,1546
4779,206
1619,880
2101,334
353,492
1743,48
3943,891
1322,4135
3994,4875
3399,1170
3091,3751
2825,1525
640,4936
4860,1368
4188,1599
2823,4558
343,4236
528,4956
3545,193
3377,2485
1223,8
3627,1820
2582,2322
4607,809
2010,1416
3587,2530
4043,2748
599,993
2682,5055
2062,1585
3683,71
359,2707
533,542
2691,4704
3314,1979
887,708
4031,3233
3173,2622
2041,3232
2055,2123
3689,1199
1170,2744
2244,3555
1767,907
1549,1095
664,4746
3631,407
4054,2105
5057,11
4342,4596
1603,2198
3243,2011
321,3467
1919,2592
4789,1744
276,2682
2954,3396
4536,3196
899,3193
4577,4949
2257,3476
4673,451
2225,3445
3648,32
1312,2186
2981,961
2926,4887
4900,4666
196,568
1061,4692
2807,3017
2315,957
4064,2049
4006,4330
4531,4273
231,1248
134,1804
3513,2227
4438,4034
4659,4842
124,2727
2953,4334
1260,1479
3212,4576
881,3747
3703,1426
5048,1776
235,4345
236,4496
1571,3199
5028,825
3866,1332
2077,4384
1589,3452
2751,564
1839,3213
3305,812
3570,4379
4416,1034
193,2624
401,805
274,1685
156,2378
47,4612
2932,226
1733,2396
3215,1909
3741,4504
3180,5001
1553,5005
3417,2221
2848,645
685,3950
2115,905
1191,4320
3841,1266
1953,4676
3315,3501
3353,4298
2754,68
2849,3568
2630,3294
4450,4677
3954,1907
1926,2659
2182,739
1361,3603
3461,3628
3874,2715
2823,417
3194,940
4086,587
1858,893
851,154
4559,2535
2578,840
1172,2423
4303,487
2689,4881
2720,2096
2157,1102
2487,4652
1843,3099
1745,1376
4917,4662
3680,3450
163,958
417,2646
2547,800
4961,2482
2759,2423
2128,5
2970,108
3787,2498
100,1653
4571,230
788,2030
2388,1458
2732,376
873,1861
1886,187
3699,4347
5062,1139
2187,5090
3771,4044
498,1039
4681,4492
4813,1468
4615,1051
1954,245
2566,680
2710,3460
1026,2980
3212,334
5035,1439
3022,3152
3363,3913
4456,2441
3451,2522
1019,2670
372,2977
4283,2982
177,3674
5051,4783
2362,3778
4593,1210
317,1042
1019,1716
5003,1716
3780,645
311,4561
3129,3902
3129,1404
4625,1529
4227,4064
1556,390
1177,4152
152,2310
4495,2298
3305,3326
4983,1218
2429,4956
1540,3439
2358,2961
1563,2818
3435,244
4430,2476
797,4118
22,253
3033,2202
4594,2189
2725,771
3741,4645
4080,4041
352,2178
727,4102
1682,3011
2335,860
3522,1159
752,371
3786,2471
260,2912
4607,784
4789,187
2866,834
2192,346
1523,2696
473,4009
1229,2944
199,4005
4760,1304
3574,3531
721,2354
3340,1465
2223,4668
2919,1134
1712,3439
1745,4678
2908,1119
335,1043
2257,4340
1729,1579
791,4046
4620,282
2607,3309
2977,3499
1129,49
2706,1144
2730,3843
635,1535
3361,5003
2331,1792
821,2264
5061,1443
3838,2972
1412,1674
1543,3438
5029,4352
893,282
4763,2079
4278,3983
1206,43
4222,142
4380,4106
3338,3068
4916,3059
3633,3157
2962,4567
3010,3768
523,4488
1459,1167
2085,3031
4054,4261
803,4935
4002,1408
2407,1481
3563,1623
4532,2387
347,3344
3369,2352
1527,4089
3142,641
4162,1652
1204,1332
2425,3829
2265,1434
4583,3341
2470,637
2825,1222
3650,3221
4304,2543
3688,2801
3354,421
3781,3068
3828,4000
4728,2721
5010,615
534,3673
1776,196
4164,4044
4131,4733
2167,4337
4487,3515
1036,4383
1157,3973
480,244
1466,4789
2981,1249
1643,680
4067,3218
4641,3520
1698,1545
2517,110
2948,611
1957,4413
356,2208
2960,3312
2026,4614
450,3025
4969,4150
1343,3447
439,2187
1653,4530
4935,4824
225,271
319,962
106,1423
4585,481
1553,1255
1824,1413
3590,4585
250,2513
4414,913
5043,2900
2010,4992
3114,708
4148,856
3083,4545
3861,187
4188,565
1304,378
333,2774
1779,2325
2610,2604
4224,4253
4942,3637
638,4931
2675,4294
3648,4228
2084,1891
2949,3695
2544,1967
4804,2434
942,3263
386,3940
809,463
4044,4560
1476,3155
730,1416
2861,3283
1330,2998
2161,481
572,713
408,1058
2029,5041
3523,1479
1866,3398
1927,3568
1572,4511
5068,1939
3288,3205
1398,2448
3817,3592
3610,4877
3461,658
3434,782
777,2023
4669,1610
4533,3161
130,3296
962,3189
4239,1303
3417,3518
3580,3039
4494,5053
458,3280
1978,4010
3743,3067
2867,3654
1584,3915
3366,158
1980,4621
2738,3719
2998,1420
4623,394
2957,985
925,2061
1840,1573
3592,3196
38,3352
4650,621
450,4637
145,990
938,2561
3991,260
852,741
3734,425
358,4644
3690,3005
2390,4070
1926,3619
3137,2321
3630,519
3938,3583
3234,448
3867,187
1578,2070
3325,4259
1887,3968
3244,1091
5017,3375
2961,4589
530,4413
2136,4319
1670,4913
1975,103
555,907
863,3310
964,1597
1590,4843
1102,4772
2468,442
2555,1029
3704,1954
3507,2210
220,3326
1295,1011
846,196
3815,3804
4036,1957
4433,4877
3868,3338
1404,4804
1816,1312
1757,1851
3379,460
1070,4119
4177,85
4367,4670
484,629
3896,59
3821,1467
2979,736
2459,4135
2791,4575
631,3097
4370,3044
3921,3211
3434,4649
404,4360
1571,4929
1770,774
440,98
3596,4377
743,2290
2066,2657
2148,876
756,3667
3771,3841
4566,4094
1990,2473
5077,3747
3015,1546
2700,1182
1023,2754
3165,2601
4073,2154
2992,4162
1158,3111
4489,833
1258,1556
1557,5042
1015,2446
3270,2562
1396,4823
1021,2367
2514,2224
2478,435
2303,1171
3417,3683
4809,5035
2554,2014
3989,649
833,4583
2278,4180
3883,3635
1768,2876
3055,3634
1621,137
1576,1045
3693,4486
737,3011
4425,2667
1589,3449
1120,3719
1214,4480
3115,280
2027,2491
1276,1829
1714,1130
330,3023
3706,26
3693,3979
4830,4856
3625,4150
1641,1315
1802,2071
4486,2060
5068,2507
4234,1580
790,4927
1769,1117
4335,1524
346,2996
3247,2662
4776,4814
2326,2254
4149,4607
4002,522
4160,4665
2534,2775
5099,4951
1250,2063
1951,2169
2721,1813
86,1201
1941,2002
4852,1447
1520,2704
3863,166
3382,4353
4544,4902
4171,4964
4870,1087
3333,2680
371,2180
4848,4491
144,4054
895,4456
3081,4091
1450,933
3860,3339
3871,1264
315,2960
2998,1332
3621,4128
4733,1743
4842,2328
3301,2635
393,711
392,4179
2044,45
1841,4643
4638,119
161,4975
576,2440
4116,4290
3488,1487
3639,1537
286,1838
1788,380
2825,3793
1711,3472
5054,4908
3148,4846
171,3495
3305,2378
2267,32
4073,2563
2461,4891
1832,960
3662,3697
25,624
2141,3113
3254,3429
1778,2432
4038,1052
1049,1450
545,1824
1055,1093
4109,2500
1507,2590
425,1478
2680,3655
357,4633
105,948
1988,2836
1027,3621
2602,4065
8,127
3355,2210
4967,708
3948,1117
4548,3451
1814,396
3089,2565
1780,4472
4929,98
1324,2320
3840,3804
3618,4951
3871,1412
3448,764
938,1465
243,3210
3197,886
2074,1666
39,3691
2483,496
3944,392
129,3833
218,3119
1216,151
3472,2069
5002,1487
4298,1207
3494,4356
4125,1695
3374,3832
3857,3247
4372,2634
1557,4478
3597,1672
1607,3671
3085,806
1464,2820
1822,613
576,2328
3310,1528
1594,3502
1195,3664
3443,2637
4386,1433
2610,4541
347,1251
3643,4844
4410,5016
1343,4605
257,2029
1161,4023
692,1975
2641,3307
1402,3048
3566,1366
2638,1674
5050,4809
882,63
4770,278
183,3966
2430,4566
2575,2369
1643,620
2031,3159
1020,2060
3246,3838
3352,5009
535,1594
3860,4348
738,3366
2225,4270
1694,1197
862,3449
333,2149
1765,2901
985,105
392,2647
4811,4145
4993,3874
3074,4563
1872,3439
1400,4062
2069,4610
2304,3519
4367,2189
2142,5091
2620,5006
4137,3859
769,1953
3874,2182
2768,2727
3336,3815
2297,2927
3462,227
4670,1253
1217,1180
677,3808
562,4818
3347,5020
5068,5046
3684,4047
2808,1483
983,607
1836,2861
1980,2189
138,3635
2914,5091
4526,1005
134,5020
3308,2605
3455,1531
8,2696
2379,2248
157,2881
4697,835
2525,3264
1943,4914
851,3287
703,2171
2054,4537
830,1101
1526,1845
3028,3420
1512,3483
4941,4722
4140,775
917,4977
226,896
740,1825
712,1217
929,3164
4274,340
2487,1790
4234,232
428,3100
1153,232
495,2421
458,3832
80,2868
4057,3335
2021,2215
3897,4038
3138,3887
1529,2274
139,3278
269,2405
1739,2951
2249,1488
692,377
314,4569
4288,4429
5048,4322
3853,1749
2015,3428
171,4479
4080,1863
3206,3937
2619,325
4728,2483
5081,2019
4604,641
3377,1210
206,5039
4228,2013
2384,4873
3298,1825
3309,536
1557,3967
1284,249
1436,3073
826,2649
2522,2410
993,2482
3429,1980
2644,2059
4014,3871
1553,4994
3346,2505
4707,2679
837,1793
1314,1246
2765,1354
945,2130
2146,920
2558,3083
564,3491
4730,3150
3065,1157
2733,310
1182,3147
5027,2932
4152,507
2900,2140
2177,4501
3517,608
1045,267
2037,1888
556,4084
4888,916
3098,2361
1936,1282
4669,4195
2409,4465
2331,405
2309,4807
2915,3615
441,2180
3083,140
715,4074
506,3718
4461,4755
535,4529
3777,862
2349,4844
3830,4019
2605,5074
1367,1044
976,3947
1494,4269
326,349
484,1972
2789,1690
2516,107
4848,2500
4390,2197
980,2207
3522,4638
2591,4488
4930,2711
102,4447
4881,2969
2877,131
2567,4380
1234,2619
4871,1662
3811,1736
4963,1614
1458,127
3762,3422
4254,1444
3509,2083
4324,3412
2212,3909
2665,3719
3435,252
4242,2383
1549,1926
2509,1415
2679,3163
4537,1261
1986,4011
654,677
4034,162
3839,2728
351,3794
329,3327
3853,4729
1665,1223
2150,4978
2086,1980
4023,4521
2698,2010
5097,3393
3470,1065
2895,3469
459,2767
3944,4489
2933,4788
3465,2529
3335,2243
2243,5061
4816,3367
3902,4237
2438,908
1318,2841
3890,4547
832,4229
1206,1120
1853,3953
1480,1325
4246,1694
234,3992
1197,2331
4937,3852
4076,1022
4398,3080
4335,4297
3355,762
4811,753
2779,910
1673,817
4496,796
1296,2169
2631,1699
3371,4566
1483,5051
1586,3047
1741,3489
67,2738
2334,3579
1108,4024
4170,4482
741,2303
4130,2018
1563,1897
3074,3884
3176,1437
2854,3929
1362,88
2860,1940
2351,1476
402,415
3513,5059
4904,2534
2403,1185
3764,1137
1124,871
2198,3453
4400,3078
4799,4974
1517,4173
1070,4084
3740,3376
1046,1714
661,4562
2087,2906
4823,4501
2596,651
975,4033
2556,4737
3645,958
4519,4266
2014,3405
128,1619
1658,1244
2183,5077
1522,2984
4680,4110
2479,1021
3927,4382
2621,4155
3069,4650
2236,4405
967,1740
1869,4287
4807,3512
2480,682
4843,4899
4357,1853
4902,3890
4730,2955
2472,3513
1950,2875
636,1576
4354,1208
2951,2184
193,4570
4662,3926
198,3513
1426,1713
1599,1015
1485,3992
3533,143
5038,1621
2757,1232
2375,3934
4668,3686
3804,4249
1444,3939
367,3313
2599,2283
2888,2647
3137,1972
4607,972
165,591
4506,2947
1820,3944
1944,2081
392,3603
1974,2141
4145,975
2034,2638
778,1517
1044,4952
299,4832
3964,3386
2536,1582
3799,2074
189,2089
1711,4870
3899,2191
5024,2160
4285,4908
1209,3251
3394,2972
1826,1453
148,4263
4964,1204
1262,4867
5070,1649
1601,4511
3773,4383
2715,2394
4731,525
864,1216
4878,2018
1938,1081
465,391
2628,64
2305,1329
3667,2456
5023,3213
2516,1206
4997,1694
4779,3655
3310,1230
4588,1214
805,2750
3203,718
56,2917
1851,258
4887,4587
4163,2268
3579,4540
1314,4495
4610,1755
3782,2420
2669,2415
3889,180
3911,2727
3159,1833
572,3310
2082,4852
4715,1288
1425,4503
1891,1707
4511,1970
3985,3826
4271,1880
1539,4941
2016,1580
4410,2985
1099,4317
2542,4879
1779,632
4070,2236
4206,3330
3993,1694
187,1270
2208,2642
3406,1433
8,2103
4822,2124
1144,1225
3122,3059
1187,2698
5087,1641
37,1328
901,3824
138,489
4217,1381
3,214
1100,824
582,317
32,2962
1747,1405
4128,2061
4168,2929
710,1360
4806,1678
4369,3540
2870,1568
1430,4995
2051,1303
1070,3281
98,391
437,4281
3313,3266
5083,1617
2259,966
4768,4753
2015,2034
272,2488
690,486
1861,4252
2018,4010
1828,2832
4717,909
3835,2200
3224,263
2546,192
1893,1397
671,3344
1093,2435
1129,3099
1197,12
697,1756
5078,205
2386,5028
1034,3950
4842,2053
2049,279
816,193
4918,1855
2757,4858
4553,2537
3103,3095
987,2988
122,1389
4164,3590
4413,4784
4360,1761
3432,2572
2890,460
2367,2106
2182,3416
2340,3572
3843,4960
1587,4749
3959,3528
3780,2191
4146,3424
4085,4213
2185,668
3018,537
2200,4009
1639,1932
4797,1079
72,107
66,3398
2864,3025
4291,3760
1368,786
1081,3825
4701,2109
364,4932
2523,3283
4190,128
3275,1962
4215,719
3595,1193
4587,2971
2146,4045
2042,2924
2100,2227
1049,558
875,2393
235,3729
2439,829
2267,3650
2810,1110
44,5
1156,1455
2798,2790
1324,4422
2935,2908
243,4564
2941,1085
2110,4826
5045,4461
4830,3892
2292,4115
4379,4554
474,3354
555,4687
41,811
3102,4199
844,4690
1708,4224
3396,976
2493,1301
3464,1675
1666,5035
803,2301
3924,893
4015,3993
3493,3051
3398,4442
1042,4618
4403,4590
1540,2626
4780,82
4972,3010
3457,685
4084,2066
41,2734
3430,3013
3132,1890
1943,721
2012,2137
1213,1714
3373,2342
480,1909
756,2468
25,92
3450,3332
2884,1809
926,98
2467,2369
2508,2037
952,3442
2971,4539
3616,2521
2448,424
4125,4400
4299,2515
2306,3259
4643,1832
3202,3572
392,3853
4265,485
3490,1307
878,1011
2419,3857
3422,31
273,24
1925,1712
1187,2610
172,1557
4287,457
5086,460
3103,2701
2360,4607
2353,2324
2993,4726
4255,2097
2669,3215
940,3699
1999,3233
1009,2838
863,4611
3438,701
245,509
3635,1178
802,3967
3250,3258
1734,4793
236,914
3980,2657
3145,4782
783,4078
3121,3503
1557,2919
76,4548
2042,281
3077,3359
1879,719
1504,462
2234,886
1747,2833
2207,2434
3874,2974
4444,3257
3962,1231
2530,5066
3529,834
3406,1312
299,2364
1046,1778
3482,1334
1036,885
2485,788
2432,4240
4529,4430
4039,1218
4917,3238
836,3413
3063,2963
3533,2435
2659,4351
2454,4001
1135,2554
1666,1458
3464,4268
4608,557
3488,4376
4680,2527
1414,3552
3205,3133
4755,828
4682,3300
2693,965
3986,4172
2131,4211
2716,827
4217,3632
3641,1741
268,2890
2957,3336
4055,641
3650,4099
2951,1200
3096,4740
2297,2171
3991,3490
3862,120
5095,4533
2927,333
1509,4062
3802,3344
1262,3856
2475,3893
4449,2100
2451,3822
1196,2858
4147,3428
4286,4960
63,5045
2158,3826
4986,733
3286,1534
4078,2601
4573,3874
3041,1612
3672,438
1407,1860
1974,3302
1017,306
2392,148
4528,4408
4915,4502
4986,5023
1426,681
4822,4974
3116,2805
2659,4327
1271,2989
2472,1574
221,3372
2213,3288
216,13
4225,3935
376,1428
4155,1971
3110,6
3340,562
4726,942
1247,245
3138,4479
2424,4869
3857,685
1408,4197
3357,4242
3220,1782
2300,1797
2117,2593
2406,2307
741,815
3072,1640
1617,3490
3951,2046
4076,607
1663,1479
4594,156
4598,4581
3965,3442
256,2268
1163,1949
2249,4175
767,2399
4663,3550
2326,1291
2830,2641
2282,2923
2302,4178
3799,2879
1376,2215
2413,5098
3847,3092
4173,2861
2080,3120
2960,2716
117,3164
4980,2175
4487,1833
3952,2893
4275,2321
4115,4156
1429,545
4344,3586
1420,877
4430,696
3287,3771
191,1245
3103,2872
4845,3041
4813,1352
2901,378
2342,3539
3457,3110
4281,990
1061,495
3260,3639
3475,675
2222,3941
4040,884
3067,4677
4877,3162
2053,386
2181,827
793,1445
2494,3686
1911,2192
4345,1444
532,3971
4369,4516
2021,4995
3822,63
3793,1286
2433,153
2866,2368
1522,3747
970,1782
1781,4631
2048,1042
4302,1267
699,354
4399,1219
36,2502
2338,707
2783,2877
440,5012
4012,609
1629,3276
1585,4423
4592,2709
3125,4662
3060,2150
1131,4513
4543,4924
1169,1038
4719,241
172,1270
2542,1679
3033,5004
3538,4692
3655,1988
4718,3931
3648,126
2909,1528
1165,577
4548,4399
950,2347
4583,3323
1124,4743
4619,2182
2063,730
3837,2113
3949,4744
4179,3941
2413,1632
1497,470
2783,1737
2440,90
5029,2254
1418,2648
1683,975
2271,851
2916,2498
3576,4980
334,2258
844,2389
4341,1285
2808,3058
3992,521
831,4801
598,1331
566,32
3107,5011
1286,2829
1881,535
3378,878
1713,1047
2938,5078
1437,4479
3218,14
893,2318
1803,1538
2853,532
1877,1334
772,3377
3115,4116
1585,4836
3200,492
1812,3881
2687,1063
1048,2029
3026,1813
3414,4370
3063,1662
441,3826
1230,4424
4022,3369
2707,4269
1459,4976
3262,3115
175,1994
2347,5023
810,2866
2017,1356
2368,2620
553,850
4634,3071
4245,3811
750,1073
4060,4118
4489,800
1486,557
3931,4027
4667,3649
4197,1955
2038,1661
4991,2962
1944,3770
535,582
2296,117
1116,4120
2495,4467
1443,4873
3500,4549
1026,84
2614,1397
4451,1376
2471,2122
1994,2482
1294,5021
484,2861
2594,1561
1711,5015
3909,3433
1809,3059
2910,3822
2986,2886
1998,1708
3871,2056
1954,3658
3476,4412
3577,2906
1546,4136
1195,1749
4779,659
441,4538
2663,122
1999,4866
235,370
795,3781
1404,3466
3417,4459
4741,1271
1692,238
2897,3139
4388,1312
2673,1445
1871,1144
3509,3666
3617,1920
1372,2270
3614,2069
4298,5056
2562,4658
2610,4138
4942,2965
5092,2793
1531,370
1759,2215
1947,2036
4518,1530
3117,1474
1158,261
3115,4913
86,1113
1878,149
1780,2343
446,4847
3019,4859
3158,209
1591,1830
3633,3248
3513,1542
2963,4600
4494,4389
1070,1712
2172,3394
2465,3780
3111,3774
4145,2926
640,221
3582,2997
4479,4166
4005,1811
1446,4565
4599,4904
1022,1461
1928,29
3397,4565
2283,4107
4015,337
5045,1248
773,385
3772,4354
3267,871
2407,2476
3506,4988
4979,3222
4492,1743
90,565
2261,821
1372,5049
4550,2437
4745,4465
1755,4443
77,1286
1410,2457
2483,2164
2178,744
3776,3961
606,1221
4915,4280
1930,368
1704,3959
2866,1753
4750,2329
1853,4002
1270,743
3786,1786
1958,4150
3537,756
4562,1760
4754,794
2577,4239
2023,3971
417,3660
2724,693
4143,2995
4219,3308
2678,1911
2170,1262
4736,4749
2224,1516
499,4302
2917,3928
2620,712
2126,2216
4034,689
4091,2183
3547,3550
2288,1477
2384,945
3778,3341
1310,2698
260,2510
2218,3220
2890,867
3052,3136
4695,5046
4382,517
4164,215
2774,4648
3124,4575
1157,2711
1730,2542
3435,3766
3976,4310
114,3161
2545,3320
4748,2221
4271,370
380,2438
1189,1290
3973,3491
4079,1705
635,110
4547,4232
3925,4672
769,3194
3274,3763
788,4833
1106,4447
1330,3496
297,2874
2745,170
442,86
3128,3164
4367,3139
1373,3416
4431,2195
427,2185
3166,2133
579,1007
1916,3167
713,2779
1595,149
480,222
4409,2583
1065,4294
2841,1436
2689,2832
3178,4332
2892,2631
3769,1276
1038,3135
4554,1395
3618,1711
4260,4202
5069,4973
2371,123
2841,2307
1535,3994
4290,2946
1972,1806
668,48
800,445
2028,3360
2519,1408
420,2216
3314,19
2612,1278
4353,3807
756,2326
3558,4003
1007,593
189,3479
619,353
4577,266
4157,4357
2365,4399
3433,1462
2084,324
471,961
2654,2501
665,4890
1981,2974
308,3881
2041,1677
899,4063
2975,4103
2693,3376
2017,4483
2505,283
3462,4972
1856,113
4815,4026
2897,2535
4643,2813
489,3008
4065,3867
4124,351
492,3157
2868,1536
4621,3610
1045,4008
3431,340
4358,1705
4083,624
3224,3142
1787,2647
713,5064
129,504
2966,2334
898,2328
763,3268
2574,374
3604,1560
4496,3303
1088,3218
2440,4590
4322,3782
1051,1923
3158,1278
5049,3896
4288,756
3555,176
2843,2714
4976,721
666,934
2867,3503
382,2369
3883,3711
2953,3189
4490,4003
2582,2815
4459,5044
2258,943
2735,1497
4149,3964
3128,2915
4365,1278
2728,3732
5097,3977
13,4514
2476,4566
205,3192
1069,4660
4112,2501
4379,1886
1545,2762
3032,2277
2480,1675
1895,4137
2034,3585
4122,432
1536,251
3208,4514
1501,1907
4425,620
353,993
3509,1596
3126,3109
2983,3516
2728,2381
3741,430
3017,980
1132,1444
1779,3216
882,3127
4326,1954
5059,1175
2188,668
64,3752
1946,3527
1491,341
4925,850
4787,1427
3244,2005
332,611
5050,4017
3365,720
2451,624
4323,3352
3480,3236
64,118
4200,1544
4150,215
1123,1575
3350,2127
1784,2107
4905,2359
1580,911
4024,1063
3044,508
2747,2256
4820,1946
4107,4962
1750,4845
3875,4654
537,4537
3644,4752
344,2306
3992,4862
2563,4526
2468,1619
3616,2053
4947,1310
1699,3191
3318,2225
3302,1378
1689,2852
4236,3154
3671,351
1928,3244
5055,3822
3702,4084
1939,1769
4228,3063
4837,3109
4828,2579
4215,585
2976,1507
4576,4288
1582,1292
4347,3332
3215,1925
1622,2342
2903,4735
4767,2274
4754,4764
2364,4066
2670,3824
3048,1497
1039,1048
3013,4603
4462,4582
3738,3939
1258,2208
452,1220
448,2280
3272,3028
3877,3916
1468,4194
1777,4383
1263,711
213,254
1647,1280
1838,4704
682,1516
3913,741
4063,4952
3661,2807
2255,1291
4374,2994
2038,3785
4568,1857
198,3941
887,2773
4188,2224
206,35
1813,4502
4636,1264
866,1904
2889,263
4593,2721
1950,2711
4714,4096
4084,931
1665,4375
1174,1667
3248,2982
3133,478
2830,1529
1703,655
2252,1099
1225,491
903,3636
1141,4108
2957,2145
1294,294
2054,2892
4491,3892
248,925
720,187
1790,703
1070,2964
2470,3167
930,3902
4631,3385
4989,2472
251,4196
4876,2899
1882,2114
4272,3580
1974,413
2876,1874
4975,1789
4121,2711
3656,1236
3293,3604
1363,854
1536,2762
719,4954
3716,3036
3823,2979
3300,4163
3871,4193
2112,5088
3771,3593
4607,720
3322,1603
500,1674
181,1350
632,3814
3411,2027
2403,3518
1774,4531
5034,3926
4044,2100
2435,1727
3305,1711
1970,3484
1047,1893
4201,1268
4945,2755
3865,3656
4539,1428
1677,2950
5089,3771
3712,361
2564,343
4457,3006
2488,1108
3989,3112
1066,1210
3749,1768
4375,3286
4686,3130
91,1481
1601,4960
4841,2669
2818,624
492,513
2713,1461
295,3977
532,4662
2378,801
932,1620
3146,2587
274,695
3361,4832
2958,1629
4686,2793
5025,2823
1900,3280
1063,4146
271,2797
3800,2288
1547,4423
4083,2458
3154,2312
1963,589
3992,4215
549,4935
5040,1450
4234,3359
1840,57
968,445
210,3466
3800,4605
4168,4151
1153,1201
3697,4303
4094,5063
4762,2773
3603,1736
2189,4273
618,1250
3223,837
2308,2468
640,2561
4486,4943
2733,3843
2527,3794
1352,3908
235,2749
4536,164
1171,3072
4564,4867
1117,1658
2685,3330
4171,4048
3186,1126
2280,2190
4655,1179
3539,5034
4458,380
2274,4219
4823,660
2843,1534
7,4394
3878,869
2304,1367
4350,616
1719,1734
3781,1437
3061,1347
2799,2714
1080,2768
1121,24
1256,4266
994,4990
2131,1645
1558,1331
3727,2162
4761,3040
1906,4407
1662,3038
2321,4324
705,3672
2190,5067
1493,3420
4510,2327
218,1259
3501,4649
1612,3088
3223,2234
4921,437
931,2221
3272,1428
439,4441
615,3538
3007,4122
2633,2074
4743,3077
2841,1143
1866,3473
1982,4967
738,2082
822,2472
4011,1328
5087,665
2427,4642
2629,2891
1879,4485
145,4049
3199,1862
767,3445
2060,3450
2193,1590
3845,138
943,2672
4126,3022
1791,4800
1080,4458
701,3132
1823,1810
3606,3109
410,2347
536,997
1175,2846
4113,663
2847,734
3182,2994
4926,796
1254,1502
3076,3304
80,364
954,234
189,4050
1605,4657
1343,2057
16,4896
1039,3983
2980,459
3247,857
2539,4232
4052,157
4612,4975
821,786
3200,4122
3716,2879
931,2459
3847,2703
648,691
546,1175
367,3337
2605,3353
3379,2044
3882,164
198,618
1621,4587
2837,3823
4041,3484
3905,4133
4781,288
2218,2932
414,562
3136,159
1990,2549
2334,1341
582,4439
377,4302
2050,3466
1888,3117
4235,1587
1202,3665
4762,1267
1704,4325
4453,302
1938,2845
3606,2476
3818,2096
919,2265
167,1170
4354,4634
2958,4315
2028,2287
1253,2350
3032,1906
1468,3461
4866,1827
2644,368
1751,4642
2042,4907
4664,2472
3683,4907
520,2486
1668,2109
3432,2617
4827,2619
4492,433
2884,3077
4688,1121
2816,1720
1614,4347
1951,1731
710,1448
2228,1426
3166,3577
527,4365
1007,2260
1425,2446
898,1767
599,312
2401,891
463,1111
1930,2706
70,4891
2674,2527
277,2772
4014,2565
4157,3321
1258,4528
411,43
2867,1118
4354,2190
4151,294
2407,1400
334,666
3594,1641
1767,3761
1537,89
2351,1409
4812,2929
4266,3047
2620,2526
4856,2094
4821,2303
2046,554
2911,2144
4671,3814
3849,2666
1776,108
3132,4523
664,3550
3390,2786
1484,2198
2173,3723
2530,3923
4137,1663
3109,2447
2874,984
1213,3023
4104,3691
4174,4021
3685,4620
1854,1157
2743,4281
1833,4259
2123,2637
1740,1890
2443,1490
3718,1742
885,1034
3691,3674
2668,1728
1743,870
5073,983
1266,1627
2225,4272
1514,4001
3514,4249
4801,2724
1424,4019
4459,1912
838,4917
4395,2370
4987,3478
2495,3003
1115,4419
4860,2406
4661,4221
2612,480
2772,3557
189,630
4943,2799
1317,2462
141,3578
3304,2556
4985,1622
2312,763
4406,683
384,4208
888,2098
2135,5051
2027,3973
2520,88
5035,3764
485,880
186,105
4280,449
441,3957
1558,1901
679,3477
231,3177
123,2876
3205,774
39,3767
1801,2074
1406,2663
876,806
3036,3633
895,2638
4594,3349
1185,3679
1514,3163
880,214
1819,1113
1824,199
3851,1614
3598,1032
1576,1183
1187,2862
162,887
1790,2045
2594,5017
4376,3170
288,1856
2151,3892
4099,2176
2957,4203
4880,2501
2618,3313
3278,1701
5089,1016
2414,477
1592,3425
14,2697
982,1496
193,1149
998,1705
1561,3977
1047,4261
1773,2322
2019,4905
2928,4117
2889,651
937,4294
3482,4486
769,3688
1150,3496
251,2193
1052,3568
3670,3271
5030,1136
1846,520
1597,3726
1632,3716
3652,4049
1810,19
283,428
41,593
192,2496
674,3597
506,1565
1152,162
915,3223
639,1461
4868,1794
178,2687
1097,2139
2168,3664
3517,903
308,1196
3725,1491
4179,3112
3354,950
2005,4003
2089,1399
4266,2907
2835,226
3718,2949
3719,2821
2387,4323
3470,237
4061,1445
3904,1611
1800,4888
3794,4962
3196,105
3428,4642
2407,3106
4442,530
3324,4460
4760,28
3023,3094
2629,755
3785,1764
486,3506
3463,1658
3180,1145
3155,3861
3345,3444
1315,750
3712,4083
2052,369
1294,3876
2332,575
1317,2860
4388,4390
3881,3363
4630,3004
2583,2736
2820,5060
2158,2232
4974,2574
309,2684
3596,4350
1841,4972
715,2847
3272,2065
3513,1539
1239,1431
3210,761
4754,209
3464,1300
4760,2150
1041,4262
5035,2732
2544,4945
2176,2853
1978,4580
5059,334
357,278
5013,896
2403,514
693,3695
4564,4411
4524,541
4925,1153
3792,3665
1028,2616
1222,3061
4295,3318
588,5026
3637,3166
2564,654
3533,462
3233,4086
1173,3449
909,3367
2354,2340
2167,1547
1148,4190
3161,1149
4690,1691
2562,3794
4702,2410
2865,643
1077,2738
2552,519
252,3120
4692,3574
4882,1827
2723,4237
1736,4179
3240,2487
4079,238
3729,5006
2048,2197
2907,2226
120,2970
998,4201
543,64
3842,652
301,1582
939,3502
2425,1872
3256,4193
3323,695
2702,1975
755,3664
4982,3250
1930,1081
488,2942
109,150
1238,41
752,973
4317,3383
3240,3971
4025,709
1482,2462
1321,2463
4826,1951
2788,3501
4110,4409
1864,4996
238,2286
1754,598
1205,4826
3485,3457
3403,3613
4840,2995
2423,3606
4607,4466
3783,2622
4854,773
1610,2302
3432,306
1975,4049
2523,2890
440,2042
1378,100
1492,883
1731,293
1831,1250
3767,1250
649,3362
724,797
1446,2867
2111,175
2014,702
1825,3814
2673,2729
2393,735
4698,2262
1995,2283
1728,4447
1963,2726
4438,1125
57,3827
4708,3233
2153,1240
4428,3526
520,4840
2848,2568
2512,2772
3080,3150
3047,4767
3879,4233
4229,2389
3643,4345
3528,375
2612,517
3203,3321
4737,1135
1480,3974
66,2605
1132,3202
1259,3067
2367,2178
3539,2144
2752,3010
3745,4644
45,571
1674,5072
2331,1134
186,722
3104,4757
3920,3136
3465,3229
3223,4149
4766,4626
1893,863
3535,384
4728,1736
3322,2527
2595,1975
4191,2165
236,4630
4088,70
4865,520
4887,1982
1127,766
3939,2286
2066,388
4743,1048
3713,1272
4122,2554
2688,2651
2812,2138
3162,2718
1541,473
4779,2347
2298,906
2548,4869
4431,1431
2730,2530
347,982
965,4802
1513,217
3227,856
2359,3155
23,3463
3564,925
371,1522
206,2568
980,2799
4139,2536
139,2279
50,3837
964,1029
4656,2445
1366,3790
1922,5078
1206,812
3745,645
1475,210
463,1916
2859,4840
1146,2371
882,4694
4815,3361
3417,2332
2535,2625
746,567
2941,4842
1293,2160
4978,4526
1453,2981
943,1164
3091,4541
1255,2716
2614,2807
4070,1677
4001,4754
4175,1284
1693,2912
1335,2629
3536,4144
1370,2399
4304,4774
4862,958
2213,2293
2026,1730
1333,949
4548,4346
3027,4613
5008,25
2856,541
1363,1352
2505,3801
1601,2274
4585,2891
4853,3758
399,3670
3902,1801
1882,4939
69,3150
1804,3104
4154,2749
2825,262
2374,2739
2070,2823
3931,3995
1885,414
3884,3678
4747,2419
1754,4702
4524,328
1555,3096
3947,1834
3577,508
4391,905
2029,2963
1687,1776
5073,2246
1991,3155
1927,4751
2947,2123
532,101
451,2483
2529,3172
3888,3552
2398,1241
4516,2574
993,4910
1810,178
2199,1484
3003,1843
693,1925
3371,4220
4577,2395
3688,4879
3892,4225
4496,2275
4865,2632
2669,3683
4598,4172
2046,3827
230,61
3914,4689
2730,5022
4837,1496
4069,2905
378,1447
2556,3721
3784,1652
3189,1592
1603,2919
537,744
1232,4843
3026,3528
4478,3820
406,1535
5004,1968
2138,371
1700,505
3741,757
2964,567
864,4401
3745,3357
3642,1904
881,3869
2548,5037
996,3658
4053,2191
3630,4931
261,14
3176,269
1933,647
4478,4029
3203,3428
1213,748
1834,1086
2138,5079
3887,5055
1284,1114
1487,4856
4029,1506
2780,2380
3402,3479
3344,1160
2664,2342
731,3979
1414,118
4867,127
3977,2555
4523,4935
545,3197
995,933
1052,4108
3803,2031
4481,2245
1095,2598
2313,1743
406,1388
4050,1288
1869,4126
1226,559
1127,552
3255,762
551,3165
105,1976
3097,702
38,786
484,5009
3554,2067
4875,2682
1887,3241
3585,3580
3063,2223
228,2549
3112,117
1600,901
2953,2642
1240,276
4983,2999
4877,1289
3980,3089
4626,4545
2190,2688
4802,4542
111,829
471,2828
441,4818
1483,2023
1412,1425
1560,1113
4212,1628
2465,1642
1673,1383
1393,1995
545,2422
2521,3067
1114,4730
1033,4023
752,3806
1310,1763
2029,4279
1752,323
3506,4575
1348,1906
3314,519
2581,445
4715,2075
3529,946
1546,1538
2129,3989
3499,94
2553,1531
4640,1104
3077,1442
3637,1663
2336,785
4940,5009
4173,2354
688,4509
2395,3709
456,4001
1574,4340
1225,4885
2691,1478
4521,1845
4383,1793
2364,3096
2455,1633
2836,2106
3681,2829
2822,2842
2180,2195
621,4790
2706,1372
508,1326
3487,1046
2885,88
147,3868
2926,2852
47,4385
3216,2128
104,476
3020,809
2993,3308
242,5075
908,3843
4132,1970
2708,28
2227,1085
4997,894
276,923
4822,3611
3267,1961
3655,2015
4605,3338
4126,2167
1138,2016
3895,4268
494,3113
4155,3426
228,826
1285,4408
4219,2040
371,3045
2892,4450
4402,3139
825,2789
1475,2595
3954,633
1475,1744
850,1586
4797,4947
3054,2616
2419,521
2142,1943
2915,3823
2880,3934
3815,1154
1922,3890
553,1448
3853,1339
2877,3687
384,3015
2415,1720
1825,2684
3320,1111
2725,3985
4156,1983
3648,2133
567,880
2493,4065
3712,1596
2511,1187
725,1484
2955,1035
2730,1330
2535,3267
3575,1446
1652,867
1152,4324
3188,2659
541,1214
297,1742
2628,3783
4911,689
2109,235
1242,1778
2127,1888
2916,434
217,4621
2274,3400
1595,4207
805,1836
4724,3689
358,3752
1169,5010
2896,3240
1323,1360
1135,3933
475,2608
4886,599
1236,731
3992,4892
1924,640
349,970
2123,102
3192,924
2350,267
1591,1373
3643,3001
1227,927
1885,3545
1913,455
788,4205
835,2797
2216,2273
81,3801
517,2917
4040,922
1912,2873
4037,995
4917,4299
3069,3995
2042,4035
4726,3031
486,4716
2253,803
505,966
4849,1067
3336,2762
259,191
3211,2551
2910,3370
4664,945
2732,1193
2816,2232
4644,4930
4124,4491
387,3877
1752,3146
4289,110
4989,1084
1292,1998
2726,174
466,3542
3671,3407
2545,5018
1500,2875
423,3649
716,2816
3385,2265
2077,1880
43,202
1933,2506
3557,4117
236,1214
2450,2110
1085,334
3356,4443
3601,4051
292,2751
2045,2801
281,117
4499,1740
1371,603
4068,500
2909,4613
354,3367
5070,16
4787,3624
4792,3844
4216,3527
2717,3984
3436,1971
39,2292
314,2981
4629,2830
2206,3804
2120,1965
1614,3636
766,452
146,2443
1000,1402
3590,1828
2719,3399
2910,2425
710,4218
3409,1373
4924,2025
2966,273
2734,4416
451,4358
141,1678
740,499
4218,3593
4462,670
3680,4091
4572,4330
234,4350
3226,1194
4260,79
2508,4371
3311,1790
1097,2016
1023,1171
3073,2726
1356,2772
2191,3413
1878,4834
610,3919
990,4777
1424,3485
3035,3822
1875,524
2967,844
1028,2929
4476,2371
871,2369
1390,4130
4769,3478
1744,3913
3920,1436
3759,4065
2542,2649
590,772
4609,4222
1800,3553
1268,5055
3693,2014
3996,4516
793,3730
114,1534
2346,4768
2780,143
4378,3129
1703,1782
4284,4816
2676,328
4897,1805
684,3683
4034,4388
40,4959
3029,1891
2136,1396
3720,4610
4220,4298
311,99
2488,152
1393,1381
3047,4708
4186,3210
4478,2668
3644,4123
2809,187
2500,715
1874,4202
4564,2350
4250,3882
3073,4006
4687,4624
2651,1670
592,4742
332,2791
725,345
3672,1263
924,3810
1015,1517
1324,305
2084,1471
3673,1628
3115,1804
739,3314
4391,1624
79,5015
1221,2708
722,4653
3568,1023
2174,2925
1432,810
3229,4503
1603,2722
2249,1551
5007,2789
2915,5084
1523,4492
4116,2927
5064,614
3398,420
2558,3827
1304,4457
3778,422
2631,4438
4111,90
4415,105
2360,355
588,4874
854,2062
3994,1332
4677,2642
4659,1404
2602,1524
3695,39
2140,1023
262,4707
1444,4497
252,5
2202,4103
1211,3622
2997,1700
3739,4160
1187,2383
3775,3088
4073,888
3492,799
2629,885
1210,1131
3892,3868
2443,1686
2865,2680
3585,3694
4898,1191
692,4175
3072,3319
1773,2263
4097,1284
2626,151
1963,4340
3420,3252
990,1148
4507,2027
2138,1029
282,409
763,5066
2689,1684
3806,2812
2092,3682
4129,4492
2646,2133
358,4141
4821,1753
4411,2542
1915,4871
53,4157
3511,3721
3006,996
1908,765
1834,720
44,4353
2452,2780
2747,3175
4232,4228
2189,862
4110,2396
1341,4887
645,3699
3518,2716
2956,2762
2003,2357
157,4439
824,5076
831,4066
1694,2176
2592,3602
1743,1770
672,3751
2065,524
2580,665
1703,2430
4820,3884
4760,476
4601,3772
3716,2703
2668,1619
2689,4268
2386,169
373,1244
3920,4901
2938,1266
3054,299
1889,2936
5019,3616
4813,5019
145,3658
4575,4750
2450,2597
1998,2677
5078,1166
3061,1372
4844,1574
3934,2599
4407,4382
4939,1265
2929,4997
2619,292
1682,2867
3950,705
1450,906
3229,464
1744,3723
293,4533
3818,3504
1223,3875
1603,273
2442,1210
4697,7
5030,3884
80,3290
2837,5039
4727,2808
2166,2766
710,2502
4483,3825
1722,558
1843,4198
3374,4456
3373,1881
1816,2682
3141,4600
747,809
2681,3709
2583,2337
595,1838
197,2887
1003,2289
755,1319
1662,3428
3683,4779
322,883
4603,3555
3366,2590
5039,1389
1138,865
1245,1970
2451,4002
1378,2257
521,2109
3264,4077
5055,1334
624,2859
3438,1273
423,4864
2848,2382
1002,40
2971,3786
1707,4169
3956,5081
2291,1423
1628,1079
3574,4130
2136,3436
2434,1075
3420,4908
4989,2713
3850,4232
952,2102
3777,3724
3618,4437
4056,144
2354,591
2799,4992
545,199
1611,2623
287,3437
1159,3447
2399,460
1600,1949
2036,1906
4307,310
4167,2589
2028,3226
3842,4827
1874,3860
4349,2932
1806,1972
729,1377
31,2101
830,960
2017,4978
3003,3376
2437,4871
1856,3142
3272,3116
4268,4270
112,3896
4310,970
2808,603
916,3007
161,1036
4685,1783
4422,4578
4599,384
4466,4289
4211,4255
2558,2386
3018,4034
4958,3984
1093,4723
4962,2348
745,3830
3143,3804
4893,4076
1010,3703
1804,962
2804,4326
1016,4373
1816,2881
4434,393
3297,2500
219,1651
3095,2378
2536,1549
4625,2228
3152,4596
3294,1348
3688,2029
507,801
1744,1297
1344,1778
804,2333
3200,2020
1578,1707
3876,4030
5006,3818
2627,60
4872,602
4173,4011
2831,2857
1744,1201
5038,4266
2982,1307
2357,482
4205,440
143,4121
4661,1834
513,2817
2855,4607
455,896
1974,282
3900,4850
4576,1803
150,1023
1032,3683
1759,433
3856,5059
543,1495
1859,2425
4110,502
4458,1794
2507,4306
826,1485
3617,629
1958,3029
2556,4664
3211,4145
2169,2131
1018,4401
1202,2804
1929,2171
2929,3196
2776,3942
4104,671
3747,890
3529,2495
2807,4012
4248,855
2461,3340
3927,31
2246,34
2252,3556
3945,2926
4384,2058
2310,2227
1523,611
4416,2179
725,1298
3132,366
2747,5043
4247,626
3460,3861
3495,4449
3855,816
2329,522
4858,2769
686,5048
2033,4565
2540,3032
4373,3597
849,4171
260,1366
2546,2550
3886,2275
3492,2117
2241,4598
1646,585
3272,3554
2288,2410
1918,2738
4002,808
3807,4589
873,1379
2581,2451
4570,5037
1803,4881
5055,4887
1344,2434
3970,3073
2987,3783
1214,1502
2500,1362
4689,284
3654,1876
3553,1467
4249,428
1349,2182
4382,3640
2959,2195
2726,1683
3350,3575
2146,4089
1357,3727
620,3734
4673,2152
3659,4736
3900,1348
1309,1816
1675,2174
3437,4906
1196,4198
4980,1957
1753,3616
2514,3166
210,4382
3214,1031
3531,1966
2864,3889
4888,2788
3241,859
1687,3676
3359,3555
2454,1428
526,129
641,3961
82,529
1525,1218
3539,706
1851,1523
3129,1422
2311,3367
1043,2373
1633,3940
2993,3820
1157,4987
3011,1523
356,439
3474,1150
3748,286
4627,3312
793,5075
4575,1957
1104,253
3590,3113
2680,4431
2389,2687
3847,2026
328,4155
3721,23
731,1170
2413,306
2707,4855
4176,4061
3093,4747
4102,343
2459,1384
1017,1266
2813,1852
2753,1153
942,728
3996,1024
3898,4518
1698,3941
2160,1592
2415,612
659,2666
3559,2779
4999,1082
2408,1911
317,823
3750,3223
4108,1409
1954,4235
466,2398
3599,293
4469,3208
4806,2233
1639,494
2857,2557
138,249
1590,3907
2439,1821
252,2105
166,949
4605,801
4466,4753
3787,373
3143,4823
4976,497
3789,3711
1095,2954
3656,3274
691,1455
4646,3011
738,3189
2691,1665
3636,42
3366,3751
4078,2484
1791,4499
2375,4762
2066,2878
784,1323
2474,3216
2553,643
2928,3258
3142,2660
4278,4147
1778,4917
1327,217
4856,3596
1394,2762
2158,3947
2836,2759
1796,2170
50,2821
4616,1845
3283,4411
3399,184
1322,2564
3154,1159
4292,589
4925,1293
923,4119
3715,2924
4593,2876
3258,2592
2540,3300
2031,2082
117,876
2869,1295
1279,1258
83,1045
4353,3304
4889,22
3954,3718
302,218
716,943
1767,3960
2564,3356
4985,4046
2137,1972
1853,1647
4538,3517
2284,2444
3653,2087
2315,3890
752,416
4725,4299
1933,4118
4848,2883
3141,1440
3399,1609
5030,4703
466,55
985,3928
2078,4103
431,1839
1664,3412
2058,1458
4431,3037
1562,1393
1245,1344
69,4834
96,4399
2004,3717
4731,391
3633,795
3364,4466
329,3276
3779,511
4526,3134
3612,4609
2172,2504
1665,3095
1557,4537
807,3685
2016,240
4875,2074
1928,3741
3694,884
703,1905
4576,1119
4706,548
362,968
4773,4435
34,2773
3931,1953
3377,4792
1532,2119
4925,4747
4175,1429
1066,396
4381,3537
218,1016
4423,4636
5044,1236
3363,4645
1070,1630
1295,3319
4032,3309
2028,1721
827,4438
2708,1630
4773,4267
2404,2452
2438,1303
3029,743
4989,865
4197,4586
2500,2881
4741,1081
3312,2521
4247,2523
4701,3966
2680,987
1246,3600
2591,992
4069,4877
1109,4026
4696,4916
3331,4609
3895,1818
827,3956
537,3168
4183,1410
809,1069
2128,1604
4808,29
734,43
3103,218
2149,4200
4200,2497
3252,4246
4300,4079
2885,1295
4420,2006
4935,5021
877,2064
1073,2848
3,3028
3057,3397
5057,4881
1670,4315
3943,2848
5017,4016
3481,4777
4918,3765
4054,985
4817,2189
2666,1177
4513,4202
4856,1509
721,2686
2482,767
2534,2400
188,5036
3621,529
4793,4747
1428,2089
153,908
1493,2149
4560,4005
5088,1525
494,3614
4064,1260
1572,1009
3163,442
1336,3862
3990,1512
2566,826
4985,5073
4682,3972
3898,3885
43,2757
47,3901
3376,3660
1612,4922
4272,1542
1361,1014
1612,884
4374,4731
3896,4965
3556,2406
1516,3296
1923,2336
2656,1488
3070,2053
3,733
2664,3635
2376,927
1379,3557
497,4093
575,3057
429,3128
1028,989
2675,5028
2946,2644
2452,4765
3303,859
1382,2698
716,2448
3260,536
1934,184
2089,4491
1277,3035
2772,531
911,3880
100,2706
4709,2204
1658,2107
1485,4148
3688,1011
2833,3860
4401,4739
4427,654
3757,911
3436,1866
1305,2387
3553,5047
407,9
276,512
242,2506
163,1985
2974,3352
4664,2654
2304,4324
68,2762
4124,4330
3458,2914
19,1234
5063,2215
1229,1837
1741,1187
4107,3852
4798,4860
885,702
1537,1570
4357,3287
4752,1559
4648,1789
1209,1807
1340,2232
1250,2501
1207,1258
2034,4871
2565,4316
3438,31
3497,2645
3519,3909
4101,4379
342,2734
1563,3682
1075,3847
3017,235
2332,2594
3858,2852
3845,121
1759,1105
766,378
2744,4627
1926,2283
98,3867
1163,1581
2909,2282
3713,3531
4975,659
3303,226
4753,2243
1796,1895
4542,4994
1576,1533
3696,4036
2314,991
5086,2366
4814,1372
917,2476
4284,2487
3793,738
621,3163
2766,1315
4741,1385
1393,4195
4337,38
4011,4159
1229,4625
112,1346
336,2857
1426,2787
1807,4747
1275,3278
2254,4587
4181,313
2840,4759
436,4624
4230,4287
4925,945
4514,3527
5063,2399
3435,480
2440,2452
1884,2119
4333,4618
3205,1139
3873,975
3190,4096
4172,3071
1582,4200
323,726
3989,2280
4856,1425
4701,2888
2899,3227
3285,839
2873,1657
748,366
1307,2016
4227,3338
1907,2967
798,4990
4415,4080
871,4312
10,2162
1333,4360
627,2596
1877,1503
4311,4333
2860,3601
5029,1074
4760,2863
712,4002
1615,3824
3099,4232
353,2056
3416,2578
3717,4180
528,4256
3202,4976
557,1231
2291,2119
740,4355
2852,1642
1758,2668
3912,4684
4098,5087
3833,3177
4584,321
2491,4795
3781,2784
1690,1244
137,1610
1431,4648
2417,24
2836,3596
5,798
4321,2305
3819,3499
1930,3376
306,3670
1842,2629
981,5036
1822,501
3744,3022
2376,2983
2322,347
1261,3763
3431,3614
1988,3753
3612,1682
2918,3121
1917,1144
4919,4282
3605,615
624,3949
4284,403
4412,350
3661,4431
4781,4481
1473,2546
2374,4099
4661,686
3115,4643
2715,4296
3584,2539
2466,3129
161,1752
3053,1515
85,3915
1514,2926
1838,390
2160,4321
3104,3571
1275,840
2173,3972
1845,297
4462,4798
4888,4635
3793,1750
2474,2981
4914,4433
72,1238
4314,3625
3074,710
4887,2527
62,2884
3390,4192
4587,2135
5083,890
3826,564
1743,887
3769,1394
526,407
2895,41
1927,1512
1239,1866
1981,1452
4050,3674
2585,3913
4819,2721
3757,2090
671,3274
3983,2065
3644,3845
1973,2979
3347,1206
586,1804
2277,2223
4240,1878
929,3461
1414,3188
4047,1690
4655,2315
4566,294
4756,226
4045,2494
4724,3897
1161,3868
3048,4486
4423,3250
1575,1982
54,858
2161,1744
1658,2061
1373,3311
690,487
4758,3117
493,44
320,470
2488,5096
523,1812
2119,2565
3706,3621
2086,379
4809,1834
147,2891
701,1792
1485,3250
4637,623
4098,3357
358,4399
1768,1419
3168,2196
380,2879
506,921
3139,729
2772,2482
3952,3253
1377,3633
4496,1321
925,155
3307,1823
2597,4163
588,4001
3946,466
908,3460
451,709
3067,4874
5000,546
1225,695
1191,1273
1868,3837
1235,2728
4317,1533
4097,4692
177,2700
526,1174
1887,3943
2684,2101
3167,4116
1769,3525
3304,439
4116,3700
4349,3853
1746,1117
2322,1650
2272,1049
2892,4817
2832,4944
3007,470
4503,5022
3786,202
110,2567
3138,2962
2728,2925
1671,505
61,1956
778,4437
930,1280
1333,3148
1704,5099
1655,487
4062,97
824,1672
3085,1348
2755,3464
2113,57
605,3104
2737,1397
3165,1033
1458,2473
3633,1914
593,3117
3320,739
4057,3954
4817,134
4341,3795
2560,621
2265,3796
4067,1713
4888,233
3219,2819
4930,4847
2041,1499
928,1278
921,1384
4310,4873
1598,4908
3461,1117
3389,4379
4758,3746
4156,422
1280,260
352,615
2059,2672
3548,4152
2546,3221
4858,1796
1379,2781
921,2550
1290,4426
2094,2026
2222,4543
2597,3685
3981,324
4918,1069
2906,2044
2812,2407
1967,1650
241,3905
4839,1666
1171,694
4038,3056
949,4278
4943,1562
2850,2548
178,2680
3094,144
2083,1149
4336,4074
1801,2782
4686,401
1678,4048
1914,1381
1550,2126
3085,2054
2817,1992
1054,4703
4079,1108
962,2584
4069,4672
4301,75
2009,2204
949,2365
4162,4278
3873,103
4971,526
2002,2862
500,4688
3784,1208
1094,1816
3710,3380
4204,2445
1994,382
2607,2198
3641,4779
4896,538
3783,1443
2238,4100
1337,4601
42,3229
1702,3230
4330,2780
240,1187
4612,256
1664,2062
1693,3464
1461,4827
2542,4610
2489,549
1337,1583
688,3112
3379,5099
1175,50
1950,4454
1218,542
396,745
1313,4280
1011,1392
573,2439
3443,1199
2678,4826
268,107
954,2686
1130,2373
3419,687
4588,3842
1669,981
2319,5029
2982,2012
3307,4865
4003,3272
382,1158
1247,3985
540,4949
1041,4454
3454,1672
3938,3644
3974,517
1096,2505
1138,2976
1375,1250
3047,3173
2891,1831
49,4771
1187,2969
180,1710
969,1961
4406,328
4710,2661
3153,47
711,3946
3177,3545
417,3917
3362,4589
2447,1563
3438,1695
4612,4901
1147,952
245,4356
4168,3471
288,4805
4108,3414
1268,980
1602,2388
4707,21
3637,4405
3742,2984
3566,4866
1188,4321
1473,778
4652,2408
3278,3176
2072,4244
3363,5027
1713,3448
1924,2391
281,5029
1770,4023
4174,4322
1709,4656
1314,1084
759,2525
4437,2461
2535,531
3219,722
4767,3041
4187,2
4971,1956
3291,3939
3379,4261
4234,2578
2593,4953
69,4871
127,4030
3985,1039
2011,4250
3065,4761
5019,1483
3183,4277
4167,3543
1762,4564
3097,194
4446,2347
4218,4475
622,906
4504,5079
379,3312
4333,3107
3313,3461
3310,3170
3310,1410
1969,258
3402,375
4233,1496
244,3738
4784,3266
3217,3471
722,3975
682,2402
3628,50
2139,1612
2848,4277
1593,328
2422,2599
4334,1073
4675,2952
1541,88
4722,2162
1073,654
3401,3686
1829,883
4555,3878
4411,2628
702,931
3702,232
2082,1266
4698,2835
114,2295
1464,4944
2425,2609
690,935
1950,5047
75,2348
2178,4876
1113,4495
4387,3727
849,1054
1059,3117
2984,3254
918,3763
1751,2338
943,3042
4798,1025
2180,2158
2590,4511
779,4262
2429,2251
1755,3531
1006,293
1429,1366
4003,206
1402,5099
538,1414
1346,1958
505,436
18,4015
782,5047
2826,1718
3769,3636
3020,999
4606,1167
4376,3802
3126,4045
3480,3808
3674,1079
2185,749
4519,3904
4546,4148
1950,4584
3398,1686
3853,3207
1987,3854
4360,3461
2146,3941
2812,1828
5089,3710
1778,633
2340,3688
4231,2974
136,791
123,734
4749,1300
4772,3992
168,3842
1477,4410
527,3332
3488,2725
3718,3893
4913,1819
2382,3956
1819,2672
13,939
4081,1937
2710,764
4532,1492
1843,1767
2717,4399
4224,1307
2919,3981
3392,976
4723,4089
4920,3088
1418,1701
616,3632
1033,1970
3936,1975
4922,2279
1108,4360
2386,1865
3738,4017
3625,992
130,4584
1312,4542
1673,1509
4618,4489
2116,3896
3799,4025
2381,4320
3671,1960
2926,3078
1244,692
2366,1211
1795,4275
1620,660
659,1718
540,184
4591,421
50,1082
794,2966
4695,1446
4796,67
124,1675
3871,2135
1734,1328
1370,4758
70,1952
2587,1669
2484,675
2213,1528
2209,4935
3077,2656
1513,4838
1318,4458
1417,1797
4655,1466
3036,683
1998,1247
1446,1542
2420,2874
3986,388
3318,302
319,375
1817,3013
1593,1412
2763,3638
4319,1896
1064,656
3479,726
572,5009
3670,359
4035,1457
2139,1600
1612,1976
4244,4985
3392,3003
4108,2978
3307,3918
4199,526
356,2006
227,1879
431,3102
2950,827
2851,2178
380,530
2447,4530
111,719
766,1075
4992,2573
4447,3857
4107,286
1009,381
1361,3738
1399,3902
1939,3117
3647,2975
4091,3501
1383,2143
3413,224
1892,4021
3135,21
2542,5066
2748,1677
1293,3858
4972,3438
744,3706
1630,4564
2844,192
3070,1221
1297,2861
2356,1676
3546,137
487,4576
3374,3081
3752,25
919,2466
779,2324
4187,2380
3925,341
2623,3850
1810,5037
3718,2795
2552,5
135,4389
3698,4714
5078,3409
4773,51
4935,4008
311,4707
3093,2618
3103,505
4384,2156
2381,3164
54,961
2784,62
4139,1890
2516,2302
2725,4087
1356,4211
1586,1628
124,1225
1697,2820
3426,4134
624,5027
4271,3206
2747,1131
1847,3080
417,5010
4725,1913
4451,3866
3689,1814
1620,2849
744,1773
5021,96
1528,4164
4269,5068
4394,986
10,4428
4684,185
3521,1269
528,3768
2578,4236
2661,3261
5014,1058
4942,3610
1894,1281
538,2919
1858,214
1372,4585
1773,3607
3984,270
3515,4669
984,407
2507,4001
399,2537
2878,1743
2150,1671
1621,832
4968,1474
193,2724
3851,51
1992,3052
2513,1803
3564,2192
4540,1529
4914,605
3638,1255
368,3579
2424,4293
3783,2326
4090,3918
5084,4572
834,968
3057,3143
3342,3374
1900,4272
3842,3953
4700,3399
4694,1460
4879,177
1448,2999
5052,95
1158,1921
2845,798
4246,1148
3794,324
880,3745
4915,4229
4834,3527
2518,999
957,652
2023,85
197,4123
3307,4615
693,1532
382,2043
2967,3877
3378,3186
1674,3654
4499,2100
4372,753
4748,2231
4854,1002
3762,1894
4182,3439
287,1444
1884,1307
52,4538
3753,4642
635,4766
207,418
1458,4033
2668,2346
145,139
1762,2243
412,1777
4030,4803
3431,927
558,3422
1840,1808
1682,3687
4061,2105
2765,4894
2353,2320
5068,5083
2584,2461
2785,3876
1880,1391
1358,5003
3163,1161
2554,2626
3436,3843
3078,4257
2967,2643
3087,2580
5079,932
3968,2052
4803,3076
3109,1805
2051,1107
3380,1228
4166,1021
4192,2848
1753,2140
514,3306
2176,2374
1565,2855
103,758
4041,5038
3334,1017
161,1295
3078,402
3630,3365
379,2672
3694,248
380,622
4670,2335
1928,2513
4585,4820
3804,1903
1750,3359
2211,2645
4515,1753
868,2258
806,5079
3326,4061
4049,1230
1318,467
3829,2027
3125,2960
4294,4608
3241,2884
818,2807
1895,3775
743,69
4570,1576
3595,3439
1177,3697
1549,3455
667,4235
408,1068
945,4846
635,1606
3890,2880
5038,694
4129,1275
3378,3251
908,3283
2810,4191
5066,4694
2428,2533
3239,4453
1990,1209
179,1732
3470,683
3129,3660
4683,3532
3492,129
2091,2300
2592,2898
2814,3821
2716,4317
1123,4499
3400,1354
3315,2743
2397,214
324,287
2593,1273
710,4368
998,126
1148,496
2360,2874
3692,3476
3533,4869
218,2808
3790,780
3005,5000
406,1272
1544,4609
4185,819
920,1184
3848,4271
3296,3004
2570,2669
966,936
1812,563
2018,428
2634,4678
2975,2057
4725,3567
4018,4304
2740,1941
3658,2043
1007,2051
248,3099
3444,2402
4056,2092
3253,1126
712,1746
4981,33
3409,2311
176,379
3042,2565
1150,2096
1832,2493
1103,610
4969,1331
465,3295
4373,2790
1574,3211
3715,5042
4529,4583
3322,1658
3441,1371
1248,2676
4348,3374
4736,309
459,2121
117,2954
4805,825
4167,4258
3137,3331
277,1704
4598,111
5087,2727
3414,3072
2324,2247
3187,3491
1002,1497
4852,136
149,4691
1894,181
2561,4818
2653,4696
3452,51
1204,1637
1766,2014
2410,2830
1889,1208
2056,1064
1875,641
1214,1426
2605,1552
1951,309
682,4719
3385,3961
4623,2025
4663,4670
2017,4537
4208,4001
2444,4114
647,4022
2639,1420
3844,1761
2,4629
2452,4816
3055,2726
4957,1601
2634,397
4721,950
2659,4109
416,4317
2958,3490
2354,4939
4373,4035
3883,2576
3121,770
1975,2019
860,936
4417,3026
3917,4209
927,411
1316,197
3250,1240
1447,668
4366,4355
4671,5065
1938,541
2699,1854
2037,3327
2466,4449
4067,3906
3100,3374
1807,4203
585,4120
3493,3079
2484,4820
419,2087
2241,2182
1360,1339
3995,2739
3595,1994
2255,1810
3978,3945
34,3259
1923,4883
805,4920
2586,2460
3573,2714
3346,391
2445,2485
1007,341
4179,2169
887,1627
4181,2895
216,1832
4135,644
2782,3063
366,3217
1818,1251
1155,635
3462,2020
296,1525
4475,1026
257,2976
1269,2629
3493,946
1625,3577
4454,3814
4513,5069
244,4020
2326,3916
4802,1946
4816,407
1348,2941
3537,3167
2038,1042
18,3780
2723,1602
4478,4828
3917,230
1252,4606
4337,236
1681,4423
2572,3264
2183,1492
4571,3
5058,3426
2814,4619
956,2346
1486,3150
795,2769
4835,4552
4708,4538
1331,884
3293,4603
332,5069
130,1559
1673,389
2224,1477
3307,3133
3664,666
1329,1016
447,4956
73,2899
3516,2190
1034,160
1170,4406
354,1902
892,1818
1641,4649
2072,1546
4682,180
3195,3544
3084,3590
1824,2504
4956,1364
2072,4554
3352,3049
1649,4811
1593,3615
2363,3677
535,4415
801,4030
3403,3823
2690,4259
4073,3949
1530,344
2028,4946
4979,142
2940,3421
2458,3067
481,1453
4461,4831
1354,4461
185,4389
5025,2460
3417,2536
2518,721
1744,3126
2630,3218
1841,4780
1939,1769
3008,2766
1711,3578
69,3830
4746,513
3153,1736
2239,390
1981,2677
13,1842
3549,2612
2535,3106
3675,2181
1639,2725
659,2131
1354,2375
1540,4692
3243,2990
275,337
3487,969
1015,2924
519,2474
5086,1744
2692,2850
1809,5030
2895,3789
2718,3332
2985,972
4071,4006
2175,4598
4182,4503
3987,4875
3653,1568
2994,4560
849,2812
902,1490
3275,3839
1411,2742
2873,3987
4907,4127
3796,4542
2826,4836
1850,3979
755,610
1244,4276
2811,2118
2257,2534
4453,3654
158,1931
4099,1781
617,1190
5012,574
1631,2555
1835,3176
4486,987
299,238
4906,335
654,3320
197,2309
2604,4324
2469,2734
1868,396
5079,65
2424,2677
1004,2621
2009,2253
3721,588
23,3857
1855,4163
2035,2424
2179,2545
1268,1742
2423,3938
3949,1258
1102,1680
5017,2213
1990,4388
3227,741
4545,2977
3318,4119
3672,1039
1935,4572
1283,4583
474,1551
4594,4961
5,1090
3544,491
2317,4115
1368,4675
832,334
1131,1858
2873,3738
3033,3138
1035,4686
4305,3493
3407,991
924,3710
1449,4449
4951,1157
2100,920
4662,4602
1216,212
432,827
1767,3850
3214,3907
789,36
3951,4702
1992,2110
1631,3612
3605,4626
2401,3372
4669,1564
4659,3061
410,2632
4798,3439
1837,2274
1395,1715
2927,787
1552,2966
3259,1029
4196,241
2258,1188
4698,4396
2989,4821
521,4775
1907,165
2090,2234
3185,4209
1122,1346
1243,3495
2871,2916
2137,2916
414,4742
2301,3521
4303,2052
4032,97
3446,2413
550,3568
2110,855
4508,2226
4483,4816
2752,1731
1097,548
2392,3649
2083,333
90,664
803,3410
2459,194
3787,1452
3586,3405
3939,2130
4381,1857
5061,1712
1449,1989
738,3039
1536,1308
56,2460
3383,2140
1754,323
59,3874
4169,165
5094,2193
5022,3730
1712,3874
2904,3829
937,2279
4795,1889
3502,4576
2845,4477
4019,4795
1331,3673
3352,4284
3209,3388
180,715
4985,813
4582,3095
1723,4418
4909,3498
663,1884
1744,1431
3466,2122
2038,4495
3283,166
3830,1689
2855,5005
3444,2925
90,2490
1230,4614
2373,579
2591,4775
2824,1277
2714,496
3696,1791
3563,4240
1155,4369
1361,3408
714,2627
4173,737
2659,1334
3639,3739
1122,4666
4518,2780
784,1328
4253,1052
1272,1623
1433,615
4067,2733
3326,3901
3905,4892
1459,1825
2768,2385
3129,3315
2028,3916
4321,3305
3762,3859
314,210
4124,1918
659,4885
1953,2979
299,1512
909,60
1047,2707
3772,3960
4826,640
4119,3885
2694,4603
37,436
4457,1637
3008,4383
1424,1732
1374,2689
4507,3743
2227,3801
4056,2791
1522,3693
3182,852
2489,1560
2109,3539
1558,1350
902,631
62,3690
1182,3463
1921,656
438,1483
5070,2120
1131,1412
1178,493
4288,4084
4071,64
1425,4669
1663,1184
1867,470
1639,475
2775,1068
145,1783
3286,4393
612,733
3922,1530
4406,3873
2693,467
1514,799
2327,261
543,320
1608,2061
1296,1332
4546,2975
5069,2078
380,2359
1927,1356
1450,2775
806,2216
1588,681
1326,4526
3567,4558
105,5048
1376,3160
2942,2427
4813,2179
4472,2504
1113,2338
3060,4027
2315,2907
1826,4703
3843,314
1195,2791
3128,4917
2331,2263
566,2625
2156,155
1335,4451
1679,1493
4511,1721
2089,529
31,3772
3875,706
4095,1667
2717,4185
1104,4286
776,560
983,2358
3256,1529
1387,1239
1708,169
1814,4237
4367,522
3398,824
2228,4702
977,1767
2583,2813
2822,1471
2591,633
1681,3503
2890,3081
377,1920
1258,211
1040,4175
2022,476
3977,3172
1963,4994
1410,1878
4611,4723
1957,3409
3101,2209
4377,494
3462,4081
173,2570
133,2644
1294,45
612,2531
3666,2816
1833,572
1942,2898
4024,984
798,4563
2750,11
690,2350
2505,487
3909,3094
2811,3660
5020,1516
518,3268
735,368
3841,2080
3074,1489
2108,4300
161,3966
9,4916
3186,557
2190,2417
3998,2296
735,4028
1194,2851
3751,712
1505,2377
3186,101
1573,3890
3899,2694
2557,2272
1371,4739
2968,969
1225,3865
2221,612
475,2493
284,3852
2223,55
1516,4007
3017,154
1993,251
1927,3224
4575,4250
3162,1593
76,3039
3603,134
3836,3307
1417,2293
4687,2968
4905,3589
4064,1875
2893,4013
761,3903
2816,3736
3807,1198
4854,2214
3049,1778
4208,5023
1602,630
2633,979
4367,3893
2987,248
1001,5050
1040,3540
2603,2128
4636,4751
1062,4008
4504,3938
5089,2493
2879,4081
176,3668
1670,3275
940,2884
2719,1937
564,3688
3100,2996
1941,1497
3988,936
1817,2723
4237,3593
4326,627
688,4478
1039,1171
1901,3461
5084,693
840,1227
1872,4857
3774,1622
2913,4677
1932,1167
2203,2353
3508,2681
2703,4572
4033,2325
2457,3862
968,2777
1881,1013
4324,4078
4934,2559
3436,3969
3732,3129
1251,3471
4215,95
1290,1930
4164,3778
466,4225
1598,1348
2723,2161
3684,3857
335,2394
4996,4792
778,2010
3406,3106
4370,4092
1903,1732
3376,533
3426,2617
4551,2898
3391,4805
2825,3277
1105,2667
1986,3853
1248,4033
1395,1791
2067,16
3580,1739
325,447
1619,3738
3654,3246
3153,15
3402,2266
4968,2267
991,2544
1451,3568
788,4796
3916,3554
1322,137
2978,544
3604,2598
1868,1017
2320,5019
3562,848
1061,2232
359,1620
2789,192
4922,62
524,4002
4069,318
2387,1526
1417,4703
359,3169
3451,2066
1474,3619
1977,2603
3845,2471
4946,845
879,4623
4010,1176
904,3936
1146,3431
1119,807
3506,772
4422,4655
3297,3942
2812,4138
2480,4957
2446,4310
952,4238
2303,1998
637,3833
1133,151
4219,3478
2539,2786
1145,1577
131,3949
2786,32
3268,3112
1978,5062
4733,690
1614,3239
3100,2608
3453,4602
1009,1848
1802,4671
2586,2897
3332,4845
2473,4035
2876,958
4730,4465
1898,2884
1036,36
2367,2573
2760,106
3407,2089
2272,1326
3422,4386
4513,5068
3314,3251
340,2661
609,3075
3040,3632
4361,4304
2620,3520
3255,546
3641,2355
4889,1354
5052,3614
4234,3300
2295,3763
2468,5036
1621,3065
1228,191
1287,1196
4834,2761
3883,207
1591,660
963,3968
1449,2622
2474,3789
2862,4248
3253,72
4838,1478
1474,3905
4879,3521
4833,697
1366,1595
822,3798
3785,4427
4339,3800
2093,3300
481,2512
5050,778
2377,1230
724,4585
1638,696
1197,2170
942,1410
2227,1883
1292,3374
106,3766
631,649
3620,3454
2276,314
1493,3358
697,1569
1320,847
907,4380
4086,3845
4127,5025
3921,3159
1689,4520
3222,4894
2271,2837
4301,3302
2433,1611
3392,3601
837,3225
3258,3341
2715,4582
1674,4330
1641,3978
1406,2299
3965,4963
1213,2558
3035,855
588,867
2183,3724
4088,2405
2464,560
4000,3062
2320,1706
4834,1853
4865,1195
4625,1338
2085,1922
2189,4110
3335,7
2893,128
2997,3737
4826,1953
1720,1258
721,4989
98,4226
2572,1614
752,3715
4075,2687
113,712
4757,1607
4809,563
2581,2172
4545,3039
389,4000
2227,3486
4509,1781
1855,302
4582,6
3952,1627
4920,638
1807,2495
2670,182
4966,2726
2691,4260
2688,1877
1760,3146
2112,3100
2288,4069
2183,2316
4104,1720
2810,5092
3142,3738
2565,1087
1737,374
961,3885
3475,217
1063,4963
2269,426
2437,375
3260,4356
369,1555
1725,2207
291,1090
1561,796
2640,3512
3785,4387
1814,3963
1837,3565
3005,4225
2838,682
49,1678
4294,3491
1771,4155
425,4736
54,986
2209,809
1484,818
4046,330
3472,114
762,623
2255,4857
3924,3944
228,1769
2867,4725
1085,787
1993,3923
668,1737
1997,4641
3386,3710
1298,4898
2523,4799
1007,2096
681,4469
3770,4369
1503,663
4540,2719
2340,1165
3342,3237
1908,4861
4835,2539
622,2551
3714,3578
1805,1401
739,1652
3614,718
3885,4101
2372,1296
3807,2734
4703,1705
2393,4430
4304,1508
4955,4171
4474,3643
4515,4932
4416,3244
4267,1042
3066,54
1559,158
712,955
4319,3946
4674,4481
2110,92
2806,314
2597,2885
4559,2414
4276,4355
1814,1338
3115,2842
4438,4156
858,4661
3233,647
3866,17
1896,4914
2833,4491
4781,4987
1906,4403
1704,1771
2923,4653
1945,3947
1768,4326
3688,229
534,1229
1654,811
3220,3630
4939,2605
2631,4621
4623,264
3180,107
2623,1342
932,2912
4829,4802
729,1255
2824,2053
1983,2294
436,2811
3922,2036
1413,4208
3849,647
226,4679
2082,4556
4267,3556
1231,728
1754,2872
5094,2814
1224,1532
776,1812
4216,1170
3031,1552
4882,1852
3762,61
95,2193
2720,2492
169,4501
244,4066
1882,4886
2179,4717
569,4979
2228,1852
521,897
4891,584
3982,499
1243,1293
1486,507
1262,102
136,2465
5034,1287
4054,3142
3670,2706
4659,300
1441,2592
736,3327
614,116
4720,4436
3621,1068
4436,1035
2027,1265
3321,2532
3384,4248
1303,4906
833,3102
2199,2367
241,4904
1034,2227
1003,213
3444,3735
5033,2370
2116,1214
333,2945
2587,572
3356,2714
2941,4172
2778,4095
212,748
4413,5075
4925,1460
3700,1727
5085,3861
1101,1891
1325,4895
79,3465
442,2156
759,2202
3409,2098
1044,2952
2640,2602
2596,1147
544,2202
222,735
3056,3076
2602,757
3770,3445
828,3797
4856,2207
4718,3399
2467,1411
1104,3829
1982,2746
443,4162
3048,1857
426,2783
4697,2396
802,1626
241,2573
4590,3772
2801,4809
2615,470
4978,4674
4036,67
4306,2449
4523,4065
231,4513
3242,2675
4452,27
4136,48
4976,3578
1126,1832
3175,3171
4547,4539
4345,4081
129,317
2937,2556
618,4925
4424,556
1699,105
5090,2319
3315,4323
1402,1182
3807,4407
3846,2980
2089,2653
2345,3799
2387,283
2151,1238
3512,2283
2008,4836
4373,3553
5094,4531
3016,4223
4570,2631
2743,1728
953,145
2051,4481
1637,1933
588,5017
4891,4027
223,2337
2600,2229
1426,3978
4857,3895
696,2759
3407,375
3095,779
378,5023
1001,537
3871,2500
3403,2507
3829,841
518,508
2558,3132
650,4324
634,1666
1747,2389
302,3639
3365,1288
1202,3850
553,4463
2124,4871
2847,223
2606,4381
3111,369
508,4200
2225,4128
3503,3437
76,4079
1697,4571
3690,1268
1704,2681
1432,1949
1103,773
3641,3660
2675,1472
3470,2218
3265,1650
2446,1748
2052,5031
2968,1985
929,3686
2381,4875
286,1941
2779,2020
1270,2190
4746,161
3783,3364
1017,4118
2681,589
4526,2805
1071,3943
2715,5040
307,1706
4264,39
4354,3892
4475,3272
1260,371
1169,4791
3865,19
3135,4262
4532,4297
4283,1845
4840,1584
2306,610
2222,4628
4444,1053
749,3585
3935,3643
3347,4759
1324,2616
3968,4642
3777,4998
1892,261
2630,216
958,2704
305,1533
3875,1905
4336,1527
4741,403
3799,3972
3085,4921
4056,4861
103,1693
2085,1257
3526,784
4643,2699
1955,321
5059,1464
3198,4693
954,5031
3974,947
1697,4093
2947,5073
2279,3952
1211,3289
4168,1373
1621,2144
2142,4691
4661,1099
4988,3146
1283,1932
3576,1627
274,4851
4411,1990
1563,1273
2102,2602
2106,4907
1082,1021
2725,3248
750,2021
4072,2964
2584,1194
4251,4541
2273,4042
4189,2937
3235,4702
4676,3912
1700,4794
4155,326
3440,2153
1660,4661
649,2160
2511,3396
4916,4349
4450,1603
3670,4608
1577,1837
2907,3659
2082,869
2759,1209
1750,1964
2494,5012
2980,3681
3189,1534
2831,1714
3202,4816
3661,3662
3857,394
2273,2644
1003,972
4560,4513
4800,3271
3141,2698
4080,2513
4093,1106
3385,2783
3081,2713
3686,758
2079,1567
256,979
3738,1057
1040,3897
2829,3831
2753,4841
2616,1143
4748,5076
965,4224
856,4008
2584,1534
1417,1126
2223,3408
1543,117
3703,970
4081,722
3081,783
2517,2647
3341,892
4437,624
249,4421
2816,1563
2546,3705
537,1623
1177,493
1993,4669
1180,2929
4630,3763
3226,2599
3406,967
3768,2369
2887,3775
2296,1168
4584,1897
4673,4917
2135,382
1441,2199
1698,4338
3452,1058
3245,4190
1846,1679
4021,502
4219,2981
3924,827
647,3874
4564,815
1400,3745
3254,2127
876,2225
1671,637
4130,4247
1483,4046
4930,1689
2895,1494
3026,3027
1233,2600
1266,3394
4269,4198
2641,3453
1926,1577
2672,2885
1188,1155
4510,4568
4809,803
4728,4579
3032,4386
3513,4493
2744,1711
3555,2361
3447,2150
1039,2903
4848,3407
968,2807
4021,3474
4154,3576
4203,947
294,4556
734,290
4596,2084
260,632
1607,3506
2475,226
4869,5039
140,3109
2861,3641
473,3395
4157,1682
5009,2863
639,2449
2358,4205
2061,3136
4170,3405
3447,53
3574,4231
3771,4763
2316,860
364,1269
4212,2103
2713,1051
686,1239
107,3817
3044,1711
4111,4384
2256,1105
512,850
4553,4879
1163,4892
4705,1791
726,3242
2223,1569
795,2016
2275,1219
3586,2934
2943,3808
1013,1660
2452,4098
2109,2665
1160,2793
4858,4963
2775,4620
813,2675
2954,1935
1238,4768
516,1838
1374,3056
895,1037
4533,3721
1416,2258
4484,4181
2129,3308
2072,4905
1328,4121
84,1591
2447,3996
4378,4578
2192,4289
797,3542
4232,1992
2528,4020
32,482
1009,2288
2221,223
3827,378
654,3482
1934,2264
3089,1120
1963,3579
3235,255
4387,4477
1716,2922
456,987
197,3666
3602,1280
4878,3132
4151,1266
3358,487
3547,4182
2683,792
4746,575
706,189
4070,4015
4582,4210
2933,2314
4056,3442
2129,4647
2487,3821
3076,2470
3414,4591
3385,1541
956,3309
4841,4381
1065,2295
4671,2820
2053,4677
4108,3387
1029,3641
1453,686
1767,3759
1769,905
1780,2182
1235,427
4608,2311
214,215
99,1004
159,2581
2197,1096
2185,2572
2674,3129
4578,3415
4934,1516
4343,2020
3203,313
4986,1427
4942,291
621,4674
4771,1863
3546,3138
1719,368
1240,2425
4741,1390
3409,1347
356,4335
4108,585
4824,4492
2129,2125
4703,766
2442,4764
3779,1598
2077,2135
3225,3778
4468,4152
4300,5043
4527,3305
1664,918
4303,736
3317,3793
443,1473
707,308
2401,3630
2663,220
2683,3281
1705,5040
4569,653
1674,5084
461,3000
4350,4182
678,2414
1944,1697
1192,213
1370,3902
4089,740
