companyID,airportID,opening_hour,close_hour
37,1187,20:00,5:30
3,5757,22:49,13:45
16,575,19:49,10:21
39,1187,8:15,6:38
39,337,16:07,5:40
50,5560,10:00,10:47
5,2101,12:41,5:53
27,2916,5:18,11:22
21,5560,14:02,12:24
9,1187,5:35,10:42
26,1347,15:09,9:39
27,5757,7:37,11:43
41,5449,5:53,6:09
39,2101,7:09,5:43
36,5486,18:49,6:09
1,3213,6:12,9:22
18,5449,4:57,5:09
10,575,11:45,12:55
7,5449,4:19,9:10
23,2916,18:28,4:10
27,3213,11:33,12:10
50,5486,6:17,12:25
48,2916,21:31,5:47
47,575,15:53,10:09
1,1187,16:18,6:46
9,1347,20:53,9:03
34,2101,4:36,4:12
6,5486,5:34,10:56
21,3213,8:44,9:23
1,5560,6:09,8:52
8,5449,7:09,10:44
3,5560,21:16,4:20
22,5757,14:26,8:35
25,5486,18:52,10:28
38,3213,22:38,9:57
7,2101,22:58,5:44
35,1347,10:10,5:50
15,5449,13:19,13:23
35,2101,13:48,7:13
50,5486,9:26,5:10
33,1187,4:39,6:12
42,1187,13:38,5:58
23,5486,16:52,7:23
1,2916,6:33,4:09
42,2916,11:03,10:52
22,5449,6:53,13:25
34,2101,15:40,8:37
18,2101,22:30,13:01
44,3213,12:35,8:07
50,5560,14:47,8:25
34,337,9:21,12:47
8,3213,6:23,4:21
22,5560,6:33,7:29
22,5757,8:24,9:27
10,575,10:10,13:58
14,3213,15:17,9:16
46,2916,14:10,4:50
8,1187,4:34,7:59
15,337,16:13,12:37
12,2101,16:55,11:29
41,1347,8:22,7:59
49,2916,10:00,12:31
23,5757,8:12,4:36
25,5757,18:50,6:45
4,1347,14:06,13:26
47,3213,17:50,7:28
37,2101,13:37,11:00
10,2916,8:42,8:12
44,5449,15:05,12:05
3,5486,12:39,9:43
2,3213,20:54,9:03
37,2916,6:53,5:27
15,5449,22:32,12:25
19,1187,11:31,11:25
45,5486,20:48,13:23
20,2101,18:34,5:57
36,5449,16:46,5:37
40,575,16:38,12:00
19,5560,18:39,7:01
42,3213,19:11,11:51
22,1347,10:14,5:00
2,2101,12:45,11:52
41,337,14:28,9:16
26,5560,4:04,13:27
17,5449,20:42,6:08
49,3213,16:03,8:46
46,5757,8:49,11:48
39,337,10:42,10:32
14,3213,20:47,10:02
8,1187,5:08,5:24
18,5486,12:50,13:47
45,575,17:45,5:19
5,3213,12:07,5:16
5,337,19:59,12:33
33,1347,9:05,11:25
38,1347,7:00,9:56
1,5757,15:11,7:43
2,2101,4:27,8:18
35,5757,21:14,5:47
5,3213,14:20,4:37
44,5449,18:41,10:30
17,2101,12:55,5:13
39,337,21:08,7:37
38,1187,15:49,5:15
31,5560,5:15,13:12
15,1187,19:34,11:33
17,3213,9:47,12:05
14,575,22:59,4:00
17,3213,7:56,4:15
2,2916,20:01,12:56
40,2916,14:19,9:53
32,2916,22:37,7:04
49,337,19:39,10:03
17,2101,14:26,13:22
15,575,22:36,8:34
12,5486,19:39,7:54
1,575,9:47,7:30
50,1347,13:38,5:23
12,1347,14:01,4:25
26,2916,16:33,12:03
34,337,8:13,11:43
21,3213,5:52,9:11
33,3213,18:21,6:14
13,5486,21:46,7:06
35,2101,9:33,13:45
28,3213,15:12,9:40
30,2101,20:30,13:42
8,5449,12:33,4:14
37,337,9:51,9:11
33,1187,8:24,9:17
15,5449,7:08,11:59
48,5757,10:35,8:25
1,5486,9:31,4:38
36,575,19:20,8:11
7,5757,14:45,7:01
7,5560,14:35,9:35
50,1187,16:12,13:03
25,575,16:02,6:00
33,5486,21:54,13:21
16,1347,5:52,4:58
43,2101,8:30,5:20
24,2916,12:13,9:21
26,2101,12:06,4:14
28,5486,8:34,8:29
4,337,13:08,9:11
50,337,12:56,10:38
15,1187,22:34,11:52
17,1347,6:46,7:32
12,2916,13:53,12:29
37,5486,13:46,4:18
29,5449,15:05,12:56
8,5560,15:26,9:53
49,5560,11:51,9:27
3,575,6:44,13:37
39,5449,8:54,6:02
25,5560,13:06,13:36
18,575,22:00,9:33
7,5757,10:17,13:49
10,5449,5:38,13:11
18,2916,17:33,5:52
8,3213,4:53,13:50
30,3213,19:54,4:19
8,5486,7:35,5:42
19,5486,6:54,4:30
39,1187,11:11,10:47
44,2101,13:05,10:57
4,5449,12:06,7:47
45,2101,14:01,10:24
8,5757,12:50,6:51
6,1347,4:33,5:23
32,3213,7:15,7:35
7,337,10:17,9:20
46,2916,15:57,8:46
36,1347,21:45,7:02
19,575,4:26,9:02
28,2916,7:12,6:13
47,5560,17:19,5:00
8,5486,22:40,6:01
43,5560,16:50,4:22
44,5757,14:02,11:55
1,2916,6:12,13:28
30,337,16:49,7:47
35,575,4:37,13:22
36,337,20:53,7:37
4,5449,21:59,6:42
46,2916,9:45,8:06
47,1187,23:00,5:29
8,1187,20:58,4:25
25,5757,13:11,9:57
39,1347,19:46,8:31
48,5449,17:32,5:26
8,3213,5:02,12:10
3,5449,15:53,10:40
8,1347,8:22,6:59
29,337,18:50,4:02
39,1347,12:58,5:23
9,5560,4:00,9:18
8,5449,21:48,7:09
50,2101,15:31,13:01
39,2101,19:26,8:51
4,5560,15:18,10:21
27,5560,18:36,12:12
14,2916,18:39,4:05
13,5449,14:58,7:35
5,5560,5:33,4:31
23,5486,9:04,10:47
41,5560,21:57,6:18
38,2101,20:24,10:02
17,5449,9:06,12:13
1,1187,12:49,12:24
27,2916,15:49,6:35
13,5449,10:42,4:23
42,337,12:02,6:08
27,3213,4:19,4:39
31,575,15:22,5:06
20,5449,6:11,12:02
38,5449,10:22,8:35
9,3213,11:51,12:44
45,1347,10:21,5:15
48,575,21:04,11:08
50,3213,8:39,12:38
34,5486,22:04,6:17
20,1347,4:18,6:08
45,5560,10:29,13:59
39,5560,13:12,12:00
41,2101,22:56,7:45
15,5560,13:11,13:55
11,1187,6:48,8:18
10,575,12:32,8:18
38,5560,13:26,13:26
41,575,21:22,13:46
27,5449,10:19,7:50
9,1187,15:34,9:29
40,337,22:50,13:29
1,2916,18:20,7:45
21,3213,7:19,13:56
40,3213,7:01,6:51
47,5560,8:53,10:07
10,1347,18:16,11:55
25,2101,17:37,8:10
20,5560,7:10,7:06
4,2916,7:06,12:09
24,5560,21:43,13:44
14,5486,7:34,10:23
16,3213,13:14,11:38
28,5757,5:08,6:27
14,5757,12:21,11:23
11,5449,19:34,5:38
26,5449,16:09,7:26
47,5757,8:33,6:01
32,575,4:56,8:42
38,2916,13:56,13:26
13,5449,17:07,9:00
7,3213,9:07,5:35
1,5486,12:58,6:15
8,1187,7:15,11:03
17,5560,18:53,12:55
16,5560,9:11,11:58
11,5486,22:10,4:49
12,5757,6:45,6:37
19,2916,7:19,9:30
26,2916,8:35,9:31
3,5757,9:31,10:10
48,5757,5:44,6:19
6,3213,20:47,5:53
49,5486,11:44,8:49
6,5757,21:46,8:43
19,337,4:22,4:00
23,5757,22:54,13:39
41,575,18:33,7:45
16,2916,6:28,6:33
20,575,14:39,12:21
36,5449,14:32,9:45
27,5757,16:16,5:38
47,1187,9:42,8:21
5,2101,5:03,10:26
27,3213,20:43,7:01
26,5449,7:23,12:35
25,5560,17:39,5:33
7,5560,6:35,6:38
12,2101,22:13,6:53
48,1347,19:06,12:19
36,5560,13:58,7:36
45,5486,14:30,7:27
15,575,17:54,6:19
3,337,17:14,9:22
35,3213,6:56,11:14
27,5486,13:52,12:31
45,5449,18:00,11:55
28,1347,7:47,12:58
29,1347,11:15,6:34
50,1187,9:02,11:36
23,5486,11:57,12:37
41,337,4:17,10:16
38,2101,20:56,5:54
18,5560,12:37,10:29
42,2101,21:49,10:31
23,575,10:08,11:37
28,5449,4:56,4:51
25,5757,9:34,4:05
262,1347,17:01,7:40
260,1347,6:51,6:05
254,5560,11:20,13:54
298,1187,9:59,9:08
283,2916,11:02,4:47
268,5449,5:45,8:16
275,1187,6:15,13:09
271,575,4:29,10:55
270,5486,9:07,5:28
285,575,16:58,8:36
265,3213,22:43,6:07
270,2916,16:05,7:29
268,1187,9:32,13:55
280,2101,7:52,11:36
262,5560,4:42,9:12
293,5560,6:22,7:30
250,575,18:57,13:34
256,5449,15:23,10:45
280,2916,15:18,9:14
272,2916,11:05,4:37
284,1187,4:26,11:21
291,5486,20:47,4:03
253,1347,8:44,8:04
258,2916,12:18,12:59
252,5560,18:22,4:59
282,1347,15:15,5:49
288,5757,13:50,5:46
294,2101,10:13,11:16
276,575,6:00,13:00
291,5449,22:14,9:11
292,1187,8:37,10:20
260,1187,5:14,9:25
279,5560,7:37,9:16
297,2916,14:56,5:12
295,2916,10:39,8:14
266,1187,18:36,13:36
260,575,16:37,4:23
277,2916,11:32,12:30
261,5486,8:20,7:11
282,3213,9:49,6:49
254,1347,4:30,4:14
273,5560,11:26,9:19
260,2916,18:09,5:50
283,337,13:08,13:53
287,2101,18:58,7:40
285,5449,14:24,12:28
253,1187,17:21,8:07
257,2916,16:05,4:03
260,575,10:14,13:17
291,5449,11:26,4:22
259,5560,15:17,4:21
269,1347,19:26,7:55
260,5449,7:14,6:51
262,2916,19:52,5:13
251,5486,13:14,13:11
289,5486,22:18,9:29
267,5486,4:52,4:46
288,575,10:03,9:29
270,575,18:24,6:01
272,1347,18:28,10:40
281,5757,21:27,5:29
271,337,17:46,8:42
285,5449,4:22,5:47
298,1187,20:36,8:32
260,2916,12:09,11:30
267,1187,18:34,5:42
284,1347,20:26,8:22
272,337,15:34,12:19
287,2101,19:15,13:55
273,5486,11:53,4:16
260,1347,18:49,6:26
286,1187,8:08,4:08
281,2916,15:55,11:39
252,2916,4:41,4:51
293,5486,9:50,11:53
278,2101,10:45,5:35
274,3213,16:50,10:32
280,2916,13:42,10:27
257,575,13:20,13:48
270,2101,8:09,7:08
259,5449,4:29,5:25
256,337,7:59,8:27
254,1187,21:37,8:26
267,1187,14:03,7:08
254,5486,8:18,13:09
288,5449,17:33,4:09
300,5560,8:52,8:01
279,5560,20:38,5:11
254,5757,4:18,11:16
268,5560,10:25,13:44
285,1347,15:52,13:30
253,1187,20:01,6:16
262,1347,20:21,8:17
287,2101,4:59,9:44
287,2916,8:41,6:35
278,1187,4:03,12:13
256,2101,16:38,5:57
295,5757,9:42,10:43
262,337,7:49,7:37
292,2916,14:39,4:38
287,337,6:49,9:21
291,2916,20:49,12:51
292,1187,12:46,9:46
272,5449,18:54,12:04
273,5486,11:01,6:49
291,575,8:51,11:16
298,575,8:12,9:44
264,2101,7:41,7:40
261,1187,19:29,4:36
254,3213,6:18,7:26
258,5560,5:26,5:40
274,5486,8:25,12:16
293,5560,16:23,11:46
272,337,13:22,8:14
293,5486,16:51,11:13
274,575,16:16,12:09
266,575,16:34,6:49
262,337,15:19,6:44
269,337,12:44,7:30
274,5449,8:22,4:18
266,5757,20:24,10:35
278,1187,5:14,10:17
263,5560,15:03,5:56
279,5449,10:53,8:57
270,575,13:54,11:50
263,2916,6:08,13:23
283,1347,8:04,10:46
287,1347,21:53,5:14
287,2101,21:07,9:09
294,5757,15:11,12:00
281,2916,4:48,5:03
298,5449,7:41,8:04
282,3213,22:47,7:40
288,1347,12:16,12:31
254,5486,9:41,9:21
281,5449,4:08,7:29
269,5757,11:30,4:57
256,1347,12:19,10:25
286,3213,8:27,12:02
257,5560,10:02,9:59
258,1187,13:34,7:39
299,3213,5:28,5:26
270,5449,11:28,6:50
294,3213,9:08,11:07
292,337,6:30,8:30
274,5757,22:51,9:18
267,2916,16:34,13:37
281,5757,18:52,9:30
299,3213,22:49,9:08
269,337,8:26,12:38
261,1187,18:28,4:02
277,5486,9:01,5:23
253,2916,14:31,9:56
277,337,7:24,12:33
257,575,19:27,7:06
273,1347,19:22,5:57
256,1347,15:13,5:49
269,5449,16:03,7:29
280,337,19:54,6:57
251,575,12:27,10:28
274,3213,13:07,8:13
256,337,12:38,7:40
257,5560,6:54,13:20
300,5757,13:54,8:29
289,5757,22:43,8:44
291,5449,22:35,4:13
284,1187,4:43,9:55
291,2101,8:48,13:47
297,5486,7:49,11:44
278,1187,22:33,6:18
293,5757,22:59,11:07
252,337,11:11,4:00
276,2101,16:33,5:45
297,1187,21:23,10:36
255,1347,19:45,13:26
289,1187,21:22,12:22
287,5560,6:24,4:37
251,575,20:57,12:08
282,5757,14:25,8:07
263,5449,5:52,7:37
288,1347,22:21,12:05
252,2916,18:04,5:29
300,1187,11:46,12:37
276,5449,17:53,13:16
276,337,20:57,13:47
264,1347,13:37,4:29
300,2101,19:22,5:31
289,2101,12:21,12:13
250,2916,16:18,10:30
277,2916,19:44,11:00
275,2101,20:51,11:40
294,5486,19:28,5:14
250,575,6:21,12:46
261,5449,8:58,12:02
275,1347,22:27,7:36
268,5486,22:17,11:27
298,5449,12:44,11:09
257,1187,13:09,12:05
277,575,5:16,12:57
267,2916,7:24,6:31
296,5486,6:46,11:14
260,1187,5:41,6:12
283,5757,6:01,9:49
283,5560,4:42,9:40
272,1187,7:59,8:07
284,2916,8:53,5:00
299,1187,19:10,4:17
265,1187,19:39,8:32
290,575,11:56,9:37
272,5757,6:45,5:05
293,1347,17:38,11:23
274,1347,17:31,13:42
283,337,17:52,4:31
268,2101,21:29,9:39
268,5486,11:18,5:00
271,337,6:07,13:18
289,1347,18:24,8:37
255,2916,10:10,5:19
284,1187,10:30,8:26
277,1187,5:06,11:47
285,5560,9:16,11:02
266,5560,22:49,8:51
295,337,7:25,7:28
300,1347,8:59,11:03
293,2916,9:49,9:42
287,337,7:05,5:56
267,5486,21:43,8:50
255,5560,15:39,12:05
293,5449,6:41,11:32
265,5486,11:14,13:02
258,1187,4:27,13:30
291,1187,18:37,11:07
267,3213,22:56,7:31
252,5560,13:56,4:48
270,1347,4:19,4:31
293,3213,5:12,13:27
264,5486,20:59,11:16
268,5757,9:33,10:44
250,5486,10:16,7:19
267,5757,14:35,10:09
276,3213,11:37,8:48
288,2101,9:26,12:17
252,3213,14:52,4:52
262,5449,9:48,4:35
281,5757,12:24,5:36
253,337,7:50,6:52
269,1187,19:49,5:30
278,2916,22:37,9:43
264,5449,21:01,5:34
286,5757,22:36,8:02
261,3213,16:35,11:38
250,1347,4:08,9:25
266,5486,8:28,4:34
296,1347,12:53,5:49
290,1187,10:28,4:40
279,575,9:17,11:49
287,5560,17:11,6:30
252,5757,13:43,6:32
250,3213,8:49,9:51
278,5757,19:32,8:12
275,2101,22:15,7:13
252,1187,12:28,5:41
251,5486,16:26,5:48
267,1187,22:16,6:25
263,1347,19:22,6:35
257,3213,15:35,5:55
289,575,8:03,5:11
266,575,4:51,8:08
292,5486,19:29,4:57
299,5486,19:34,12:13
296,5560,6:02,5:28
257,5486,19:40,7:13
279,5757,21:45,8:14
299,337,11:38,10:32
300,3213,13:07,9:00
251,575,7:46,8:46
272,3213,14:46,8:44
277,2101,7:31,6:13
255,3213,7:54,13:09
293,575,4:12,11:47
252,337,5:24,5:36
262,2916,8:56,11:55
283,3213,14:59,12:59
265,575,4:19,12:51
253,5757,4:27,4:48
287,1187,14:59,8:32
278,5486,14:03,4:34
268,575,11:49,8:31
277,5449,17:50,5:02
277,1347,8:15,5:26
287,5560,15:23,7:23
250,337,6:11,6:36
291,1187,13:23,6:23
293,5560,10:59,5:56
262,1187,11:05,13:53
290,2916,8:36,4:46
297,5449,16:39,10:15
258,3213,20:52,4:42
250,5560,18:36,5:05
251,5560,15:08,5:24
110,337,22:46,5:15
158,575,4:06,10:49
25,5486,22:04,13:21
135,5757,5:14,10:50
5,5449,16:42,7:31
192,2101,19:29,13:57
254,2101,22:02,4:58
226,575,6:27,12:50
52,2916,7:51,12:46
13,5449,11:29,9:20
148,5486,15:13,8:39
295,575,8:17,7:25
47,1347,22:52,11:02
211,5486,10:28,13:34
150,3213,14:30,7:20
146,5486,12:21,8:49
197,2101,5:33,13:24
173,5560,14:25,11:42
59,575,4:05,12:44
131,5757,7:14,11:29
204,5449,5:46,5:19
43,5449,20:38,13:58
234,5757,13:52,12:41
128,1347,8:21,11:59
72,5486,11:40,5:43
35,1187,11:50,7:30
25,2101,20:56,12:45
86,5757,6:08,13:31
200,2101,11:09,5:59
128,1347,6:20,6:31
115,5560,19:56,8:30
100,2101,22:27,10:41
95,337,12:35,7:44
115,5560,15:30,13:52
58,1187,13:57,11:41
76,3213,15:44,11:39
289,5486,20:08,7:50
252,5486,4:48,9:46
38,1187,4:10,13:28
274,575,4:56,12:06
204,5560,18:39,8:50
150,5560,13:40,12:03
151,3213,12:48,11:14
174,5449,8:27,12:29
235,575,18:51,4:52
24,2101,4:35,13:49
99,2916,7:38,4:31
119,5560,16:08,8:35
271,575,10:02,13:26
127,1347,11:32,6:55
46,5757,13:48,10:48
82,2916,4:21,10:49
206,5757,16:09,8:21
61,2916,6:00,12:50
230,5560,22:44,9:15
13,2101,16:59,9:55
103,1347,11:36,8:59
50,1347,9:43,12:56
112,5757,20:28,4:11
174,5486,13:22,7:14
36,5449,20:06,7:03
253,1187,21:10,7:10
11,337,6:46,10:17
4,2101,19:44,5:11
178,2916,21:01,8:57
274,5486,7:31,11:35
93,337,15:21,13:31
111,5757,7:24,8:03
41,5560,10:51,9:49
27,5449,22:20,5:26
276,2916,13:04,8:04
64,2101,22:10,9:18
66,1347,5:57,10:49
81,1347,15:59,9:03
100,5449,18:46,12:16
158,1187,9:56,7:32
193,5560,7:58,11:46
119,575,9:50,12:09
251,5560,13:18,13:41
49,2916,20:24,12:35
12,3213,22:36,8:30
249,5560,18:24,6:44
45,3213,10:47,5:15
53,2916,12:37,7:11
196,3213,19:49,5:25
143,337,22:08,13:56
126,1347,8:47,9:55
209,5449,18:15,11:04
231,5449,22:41,8:07
264,3213,12:31,4:29
145,575,10:13,8:56
56,2916,16:24,6:45
121,337,9:13,6:28
225,5757,16:32,8:09
225,1347,8:23,7:34
187,1347,11:28,10:44
134,5449,13:54,5:35
135,5486,12:20,5:06
95,575,4:05,4:01
34,1187,7:26,4:20
255,575,9:20,13:43
276,1347,9:18,5:38
159,1187,14:04,9:37
41,5486,21:08,12:08
138,337,11:08,6:36
102,3213,21:23,7:24
120,1187,12:20,9:05
118,2101,17:21,7:45
155,2916,5:57,6:36
227,5486,12:52,5:28
202,5560,14:22,10:04
260,337,11:25,7:19
102,5449,12:13,4:21
135,337,4:42,9:45
234,5486,17:47,6:18
55,337,16:32,13:13
163,5486,14:12,7:49
114,1347,10:10,12:17
261,5449,21:19,6:08
222,1347,15:40,5:35
244,337,14:57,13:23
68,5757,6:55,13:49
226,1347,13:51,6:01
256,575,15:30,10:43
62,337,5:54,5:11
238,575,14:50,8:23
9,3213,19:50,10:00
268,5560,15:53,7:44
299,5449,9:28,8:39
64,1187,7:03,4:33
265,337,13:25,9:02
13,5560,7:01,8:06
221,5486,14:59,8:12
170,5486,10:16,6:01
164,5449,21:10,8:05
118,5486,19:06,9:04
60,5757,14:37,13:34
290,2101,5:42,10:19
276,1187,20:24,12:17
177,1347,4:25,12:58
176,5560,11:49,10:44
12,575,16:59,12:21
276,5449,7:23,7:43
276,1347,20:31,7:32
144,5486,6:40,13:05
150,5486,5:42,13:48
22,1347,6:02,4:32
25,2916,9:45,9:03
236,337,7:43,4:44
293,5449,15:45,5:25
56,1187,10:57,4:14
8,2101,11:12,4:40
7,337,15:01,8:19
72,575,12:04,12:28
30,5560,9:30,9:15
179,2916,8:17,5:48
272,5449,14:44,7:21
152,2916,15:25,6:36
234,5486,11:41,13:55
212,1187,10:49,12:52
208,337,6:39,4:43
142,3213,12:58,7:26
71,5560,15:31,4:12
63,1347,10:30,12:56
148,2916,18:53,7:34
166,2101,8:57,6:47
230,3213,4:01,9:31
237,337,17:42,5:21
31,337,17:29,4:11
160,5757,21:18,11:28
144,3213,15:05,8:22
149,5486,11:09,10:07
136,5449,22:01,13:07
156,1347,22:58,4:49
31,1347,18:04,12:23
144,1187,14:19,13:27
202,1187,20:30,9:40
127,337,10:10,11:52
174,5449,16:13,7:42
154,575,22:07,11:27
97,5449,4:41,8:28
22,575,12:54,7:29
98,5560,11:23,8:55
194,575,10:28,4:59
54,1187,12:22,10:29
300,337,6:17,4:43
227,5449,6:54,10:31
144,1187,22:25,4:23
213,337,19:03,5:48
3,5757,22:47,11:27
21,575,21:24,10:16
216,5560,21:55,12:31
184,337,19:46,7:53
204,337,21:05,8:04
240,2101,8:17,11:59
94,337,5:59,4:47
40,1347,10:17,11:14
37,5560,7:48,10:41
2,2101,5:40,7:13
37,337,7:56,10:30
70,2916,18:40,6:51
117,5486,22:00,8:33
169,337,17:38,11:56
40,5560,14:01,8:49
230,3213,4:30,13:03
218,337,9:18,10:45
247,2916,13:11,13:17
106,5560,6:56,5:29
187,5757,7:24,12:24
59,5449,13:57,7:48
286,3213,4:49,12:17
231,337,22:20,7:21
144,5486,21:28,11:22
232,575,16:38,4:33
133,2916,15:20,10:25
218,575,22:25,8:47
109,1347,6:20,11:23
180,2101,9:10,5:07
125,1187,22:00,9:25
174,1187,6:35,10:19
238,5486,14:11,12:51
76,2101,14:09,4:52
211,2101,16:20,11:55
197,5560,5:00,8:45
261,337,20:02,9:05
82,337,16:44,6:57
273,1347,7:28,11:32
95,5757,15:55,11:19
89,3213,5:29,13:47
254,5560,14:34,12:57
176,5486,22:58,5:14
123,1187,22:50,6:00
273,337,5:06,12:16
294,575,16:23,5:18
260,5757,22:13,11:10
104,2101,13:27,13:40
265,1347,6:52,7:41
264,5757,8:26,9:45
95,5757,17:33,7:09
244,5757,19:20,6:15
31,5560,9:48,8:40
191,5757,5:30,6:50
53,575,7:49,11:55
23,5560,11:42,7:54
99,5449,19:41,12:15
136,5757,4:22,5:58
131,5449,6:25,13:41
250,575,13:25,13:18
106,5449,10:07,12:29
209,2916,15:32,13:10
30,5449,5:12,9:22
130,3213,9:02,6:44
155,5560,4:32,7:07
81,5560,17:47,11:21
147,337,5:38,9:39
93,2916,15:53,7:09
200,2916,7:39,11:40
269,575,20:35,4:33
97,5560,5:46,11:15
9,3213,10:07,7:23
55,2916,18:06,12:56
280,5449,5:54,6:32
109,1347,22:37,11:24
11,1187,21:36,9:07
188,3213,18:16,6:42
235,5757,15:54,13:51
14,1347,17:56,8:12
281,3213,6:50,11:30
295,5486,11:12,6:05
206,1347,22:28,6:42
105,3213,19:36,6:37
237,2916,21:46,7:45
162,5757,10:31,12:29
277,2101,14:15,12:54
9,1187,20:41,10:54
144,337,10:02,4:43
218,2916,19:25,10:37
296,1187,14:07,10:18
143,5560,16:10,9:06
235,5560,7:47,11:55
296,2101,21:53,10:57
109,337,18:11,10:13
217,2916,21:40,9:07
228,5757,6:48,10:42
228,337,10:02,7:06
154,5449,10:24,8:20
240,5486,17:37,9:26
93,5560,8:33,10:24
88,575,6:58,10:15
191,1347,7:03,9:31
51,575,12:54,8:52
124,1347,14:53,7:10
151,2101,16:40,5:35
25,5560,7:13,6:39
161,1347,20:21,8:52
173,5757,4:10,13:31
56,2916,18:25,7:46
212,2916,21:20,4:02
206,1187,19:54,10:55
217,1347,12:23,9:06
238,5449,15:18,13:12
130,2101,21:46,5:09
240,3213,21:12,10:42
255,1187,4:00,10:31
23,5449,17:55,13:24
274,337,12:50,8:02
163,1187,22:13,5:02
3,2101,18:58,11:11
267,337,5:39,7:14
178,2916,11:24,12:01
65,1347,10:30,10:51
231,5486,17:00,9:42
135,575,18:32,13:54
206,5757,20:47,12:52
154,1187,14:09,11:30
276,2916,13:08,4:56
31,2916,20:49,11:26
30,5757,21:36,7:41
273,5486,11:10,12:49
18,2101,14:35,6:13
10,575,11:47,7:41
214,5757,18:04,8:49
126,2101,5:20,4:04
11,337,17:38,11:56
299,5449,21:48,11:49
259,337,22:54,13:20
127,5560,18:44,4:17
266,337,4:04,6:50
50,1347,12:41,8:25
182,5757,7:48,9:04
269,3213,17:09,9:05
108,3213,9:44,13:10
237,5757,16:41,13:46
39,5560,20:29,11:44
53,575,18:56,5:21
15,5757,6:36,6:13
180,2916,22:04,11:21
223,5757,8:50,10:27
192,2916,22:17,10:53
176,2101,19:33,10:44
122,5757,17:35,4:00
183,1187,19:54,4:40
251,5757,12:21,6:59
102,5449,19:33,5:28
104,337,17:39,4:36
44,5449,14:32,7:00
282,5560,16:12,6:36
34,5449,16:29,11:24
28,5486,11:59,13:09
35,5757,20:58,12:08
166,1187,12:53,5:42
243,5449,5:03,12:29
127,1347,6:21,10:51
161,1187,22:57,9:46
23,1187,21:39,8:31
185,5486,8:16,7:27
299,1187,22:51,10:00
283,2101,21:33,11:26
43,5757,7:06,12:24
67,2101,8:49,12:32
195,337,15:58,4:53
128,1187,7:24,9:43
224,5449,18:43,4:29
298,5486,5:18,6:06
63,337,13:06,6:55
37,5560,4:56,12:44
240,5449,13:10,11:06
88,5486,19:39,5:11
219,5560,11:57,11:14
88,5757,20:59,10:19
136,2101,11:00,10:37
85,5449,16:35,13:41
93,5449,7:15,5:46
283,3213,22:18,7:43
177,5757,21:45,11:35
253,5449,16:19,5:04
76,1187,22:01,10:44
192,1347,4:35,13:27
266,5449,19:30,7:51
103,1347,18:29,5:10
48,5560,12:11,11:54
120,5757,7:52,5:13
221,1187,15:50,6:45
166,2916,13:38,8:32
162,5757,6:28,4:42
148,2101,17:04,5:01
31,1187,21:40,6:38
263,1187,18:09,5:34
70,5757,15:50,13:12
214,5757,16:30,13:58
65,5757,13:24,5:44
296,1187,14:32,4:48
179,5486,10:17,5:49
193,5486,14:42,7:52
76,5757,21:20,4:44
172,5449,8:34,4:58
73,2101,5:09,7:36
251,337,13:08,4:10
139,1187,15:53,13:24
134,5486,8:23,9:09
66,1347,21:41,5:26
128,2101,10:52,8:23
37,5486,7:28,9:01
263,1187,17:59,13:38
245,2916,15:21,6:24
27,1187,5:52,10:23
173,5486,4:14,12:49
70,337,7:40,10:16
199,5449,6:15,9:38
167,337,6:23,9:04
101,5486,12:43,10:57
135,5560,19:12,9:45
58,2916,7:19,13:35
47,337,14:59,10:55
278,337,8:32,10:44
272,2916,15:43,10:29
207,3213,16:47,6:21
73,5449,11:36,10:19
30,2101,16:57,12:54
215,5486,6:41,6:55
174,5449,21:12,10:09
68,5449,10:11,7:17
97,2101,22:46,9:42
257,2101,20:40,9:16
87,1187,5:12,5:43
142,5757,21:24,12:32
251,3213,19:30,9:24
54,5486,5:58,11:11
131,575,14:21,6:09
77,337,7:09,12:22
215,5560,17:54,13:26
244,5560,12:44,11:32
150,1347,20:01,13:23
24,5486,16:43,10:29
103,2101,5:02,4:21
241,5757,7:26,9:41
169,2916,16:09,7:12
107,575,21:01,13:50
20,337,18:13,9:30
65,5560,19:06,7:12
211,2916,8:03,13:30
280,1347,18:44,7:03
52,2101,18:09,7:26
292,5486,6:19,9:27
119,5486,22:31,13:32
212,2101,17:38,9:33
251,2101,10:29,10:22
285,2101,17:11,10:06
9,5757,7:42,7:56
36,5449,11:11,6:58
156,575,19:19,12:06
195,5486,6:34,9:43
167,5449,13:00,13:53
48,3213,10:26,7:32
110,3213,11:10,6:32
48,3213,16:33,8:33
79,575,11:30,13:04
71,5449,7:34,13:29
89,2101,18:49,7:46
234,5757,5:48,5:10
205,5560,22:41,10:38
283,1187,21:27,8:51
25,5757,16:36,5:54
220,2101,12:58,12:03
156,337,6:43,6:40
238,5486,15:32,6:13
221,1347,5:38,6:50
97,575,10:36,8:28
270,2916,18:56,9:26
180,5757,5:34,10:27
40,2101,17:47,10:21
19,575,10:48,6:15
177,5757,15:11,10:36
50,2101,4:52,5:58
174,5757,16:37,12:07
145,5486,10:52,4:12
202,3213,18:42,4:21
181,2101,8:26,7:07
41,3213,17:23,4:19
7,1187,17:10,4:39
54,1187,6:37,6:59
248,2916,12:56,11:39
205,1347,15:15,6:57
284,2916,16:25,8:28
234,2916,17:05,12:37
58,1187,8:06,5:23
144,5757,18:35,10:48
70,2916,8:10,12:55
116,1347,17:57,7:06
230,2101,14:19,4:01
38,2916,17:26,5:42
100,337,13:33,11:02
185,5486,13:07,11:17
190,575,12:14,13:41
100,5560,20:51,9:26
271,1187,19:11,6:52
60,1187,5:09,9:00
40,1347,17:31,9:45
115,5449,18:05,10:03
250,2101,14:16,8:07
133,1347,18:26,5:44
286,575,8:05,5:59
178,1347,8:30,7:29
254,575,16:33,6:56
208,2916,21:37,8:23
107,2916,7:41,6:38
245,1347,7:24,12:56
178,3213,17:46,4:49
263,575,7:33,6:02
232,575,15:17,4:59
200,5449,12:49,9:32
206,1187,20:16,10:47
211,5757,15:18,12:53
104,1347,15:11,13:54
206,5486,8:31,12:25
136,2916,13:45,7:06
266,5560,13:14,12:05
170,5449,18:27,4:22
251,5449,5:11,11:05
25,5757,8:58,11:18
157,5449,18:43,7:28
65,5449,14:27,7:20
64,337,9:39,10:59
172,337,14:36,11:07
25,1187,19:51,7:47
40,2101,8:39,7:44
161,5757,22:12,11:41
8,1347,20:14,7:18
230,5757,6:27,13:38
179,1347,12:55,4:20
212,2101,21:51,6:36
217,1347,15:53,13:58
228,5486,13:26,4:53
34,1187,8:53,10:06
175,1187,19:16,12:15
275,5449,4:39,12:48
7,5449,16:59,9:44
66,2916,4:24,9:45
228,2916,10:28,13:14
58,2916,7:42,4:09
66,5560,22:19,12:29
135,5449,22:30,7:41
130,337,16:53,4:13
213,5560,15:59,4:44
67,575,20:21,7:27
281,5449,8:01,4:35
279,5560,17:55,7:58
193,575,12:52,11:37
184,1347,7:40,9:25
227,5449,18:12,11:09
290,337,10:57,9:47
278,5449,10:47,6:14
298,337,18:27,5:47
88,5486,22:03,9:59
110,2916,6:59,10:19
152,575,4:46,10:45
157,5560,18:46,9:04
119,1347,8:44,5:56
288,5449,19:00,13:48
92,575,16:49,12:22
46,2916,4:03,13:22
297,1187,13:31,6:15
15,1187,7:01,6:28
299,3213,5:38,12:10
137,5757,22:32,11:00
292,5757,11:58,10:54
137,2916,12:11,10:05
184,1347,19:07,12:19
96,5486,17:25,13:52
117,1187,14:41,9:24
35,2916,17:43,12:48
245,575,20:53,7:15
152,5560,9:17,5:28
274,3213,15:47,4:04
258,5757,7:09,5:14
222,2101,17:46,11:38
295,337,20:59,6:09
281,2101,17:22,5:05
132,5560,20:18,8:09
62,2101,16:31,6:06
209,2916,5:45,9:15
220,5449,12:26,4:09
35,5757,19:51,10:03
98,2101,5:32,12:05
266,3213,18:15,11:17
212,5757,14:34,11:43
175,3213,17:58,4:47
226,2101,13:35,7:04
37,337,20:21,9:57
284,1347,9:17,11:07
52,5560,7:32,4:44
288,5486,5:50,9:32
13,5757,9:54,11:52
77,5486,18:42,10:21
228,1347,18:20,12:55
253,1187,11:05,9:57
228,5757,15:18,4:19
294,5486,5:38,9:34
114,337,18:09,6:15
29,5486,21:50,8:54
279,5449,15:46,8:30
1,5449,12:47,8:36
26,5560,7:48,5:37
165,575,12:16,13:48
50,5486,18:26,10:21
292,1187,5:02,5:44
24,575,9:51,7:05
79,5560,12:05,6:02
281,575,16:41,13:40
263,5449,13:28,10:41
121,3213,16:27,5:04
103,5486,17:09,13:32
179,5449,21:38,10:49
196,3213,18:07,13:54
19,337,9:32,8:31
108,5757,15:35,4:35
50,5449,21:48,10:54
241,337,14:37,8:39
109,5449,15:42,13:51
76,5486,8:55,5:03
46,2101,18:17,9:39
109,3213,19:06,12:49
3,5449,12:16,13:16
226,2101,22:53,11:49
235,5560,20:15,10:50
203,5486,22:30,10:09
131,3213,11:43,9:36
151,337,7:56,11:02
3,337,16:28,6:30
54,575,9:52,9:55
91,2101,6:59,11:24
190,5486,16:00,11:23
99,3213,14:23,11:22
282,5560,8:17,7:15
244,1187,16:13,12:38
195,575,13:32,8:46
283,2916,12:58,4:41
127,2101,7:30,12:02
217,5449,7:57,10:51
270,1187,15:20,11:39
228,5757,13:43,12:38
182,575,6:38,8:19
88,2916,5:02,6:31
257,5486,15:33,12:57
175,3213,8:31,7:41
149,5757,14:08,10:30
90,5757,10:26,8:00
180,2916,5:57,11:16
47,5560,21:19,8:36
209,5757,12:06,13:40
264,5486,10:53,10:43
45,5486,16:42,10:50
16,575,18:21,9:18
10,5449,9:27,4:47
210,2101,16:58,10:21
171,2101,7:19,12:21
107,5449,10:19,4:46
257,1347,19:20,7:07
264,1187,16:04,5:57
7,337,17:46,5:12
148,575,4:07,4:14
41,3213,10:00,8:34
5,5560,4:07,11:46
288,5449,20:17,12:31
203,5560,20:12,13:59
280,2916,14:10,8:21
174,5449,18:21,7:15
168,2101,19:31,8:36
110,575,14:58,8:12
119,5486,5:50,11:57
237,337,19:21,13:20
292,575,21:27,6:59
211,1347,19:53,6:25
221,337,4:51,8:52
87,2916,13:11,6:22
153,5560,11:36,13:20
181,5757,20:52,11:07
155,2916,5:50,12:12
127,3213,9:30,4:24
80,5757,20:31,7:45
281,575,6:26,4:08
124,575,5:23,13:42
208,3213,22:45,7:42
31,5486,14:13,11:21
133,2916,11:25,6:56
207,5486,5:56,10:51
62,5560,12:34,7:28
14,337,22:05,5:06
39,3213,9:31,6:06
275,337,4:36,12:35
198,5449,12:17,12:50
83,5486,7:27,12:58
220,5560,20:04,7:07
131,575,22:19,11:42
27,5486,11:40,11:28
251,2916,12:55,4:01
233,1347,14:43,6:13
193,3213,7:42,8:14
183,5560,5:31,8:46
76,5449,13:58,4:33
130,5486,19:05,11:04
241,337,21:01,5:07
31,2916,6:02,11:29
32,2916,12:21,11:37
111,3213,7:56,9:29
15,2101,16:43,4:29
105,5757,7:04,6:40
63,2916,7:36,4:51
189,5757,5:13,9:57
146,1347,20:41,9:18
113,3213,21:43,6:41
239,5449,4:03,9:17
224,5486,18:52,13:36
229,5486,21:52,7:46
219,2916,7:19,13:29
98,2101,14:18,6:16
88,2101,9:31,13:43
256,575,17:09,8:45
130,3213,19:21,12:45
7,3213,6:25,12:06
164,5757,12:11,5:54
84,337,4:13,6:54
4,5449,22:08,7:37
191,5560,9:33,12:15
263,5449,11:50,7:32
232,5560,20:13,12:48
186,5757,5:29,6:17
251,1347,21:48,10:50
160,5757,10:05,5:55
239,3213,16:19,11:10
57,5486,21:59,11:44
35,1347,7:27,11:33
145,2916,15:52,11:22
168,1347,5:18,4:57
282,2916,11:06,5:15
149,1187,19:12,4:30
161,575,19:38,8:21
18,1347,7:57,4:53
251,1187,12:49,9:23
225,5486,15:07,9:26
30,1347,9:43,11:28
177,5757,11:34,10:15
259,5560,6:43,9:28
15,1347,11:08,5:51
34,1347,18:27,4:06
236,575,14:31,12:41
251,2916,19:21,13:55
190,575,13:45,6:18
90,337,15:09,6:22
130,5449,11:15,8:12
217,5560,17:04,5:30
101,1347,21:41,6:06
9,1187,19:05,7:37
283,5560,5:37,9:57
188,2101,12:25,8:00
100,1187,21:03,7:27
48,5757,6:45,10:38
172,3213,17:08,11:07
81,575,5:44,10:59
258,5449,20:31,8:50
164,5757,5:05,13:02
37,2101,15:36,12:41
216,575,12:17,5:21
192,5560,12:22,5:47
217,2916,22:22,6:07
134,5560,20:33,5:50
236,5449,22:49,7:58
147,575,6:07,9:27
149,1187,17:04,6:38
20,5560,11:15,12:28
282,3213,14:46,12:43
272,2916,12:16,9:43
113,337,10:58,4:14
108,5560,11:50,11:19
278,5486,15:33,8:57
252,2916,14:32,9:00
295,2101,22:11,10:31
3,5757,11:05,12:45
14,2101,6:29,10:48
153,5560,4:08,13:05
248,1187,20:32,8:30
296,5560,19:02,6:25
210,5486,13:02,13:18
206,337,12:29,13:39
69,5486,15:20,8:13
250,1187,14:10,6:47
204,575,15:26,7:22
276,5757,6:11,7:02
128,337,21:59,4:16
137,1187,5:39,10:20
19,1187,16:05,8:36
163,5560,22:09,10:38
178,337,7:08,8:35
274,337,9:03,13:29
3,5560,4:04,11:09
86,5560,21:11,13:59
60,5486,11:12,8:36
2,5486,8:35,12:49
294,2101,20:54,8:38
182,5560,9:13,7:22
115,2101,14:40,5:17
67,3213,6:50,13:10
271,1347,11:23,4:24
208,5486,21:31,7:43
123,5449,9:58,13:04
135,2916,19:30,8:26
205,575,12:25,10:16
217,575,9:27,5:55
114,3213,20:04,9:38
161,337,17:30,10:20
198,3213,18:21,7:50
12,2916,9:04,13:06
209,1187,11:38,7:45
114,5486,12:15,5:32
11,5757,13:48,12:15
173,1187,19:29,9:53
34,575,20:15,4:57
132,5449,15:22,9:54
155,1347,6:07,9:29
251,3213,17:52,7:41
167,5486,6:39,8:05
41,575,12:32,8:13
14,2916,16:02,9:23
124,5486,16:01,6:32
20,1187,4:18,8:56
246,575,15:33,9:23
8,337,10:02,12:25
195,2916,21:37,4:03
252,5560,13:12,7:04
216,3213,11:33,8:20
173,5486,12:08,8:17
74,2101,20:13,7:06
247,337,14:28,13:10
56,1187,11:05,10:13
79,1347,6:11,9:38
41,5757,10:39,5:05
97,5449,22:11,9:16
236,5449,14:04,10:24
281,5449,14:36,8:04
259,5757,7:29,5:27
54,3213,12:49,7:33
233,575,16:09,9:51
41,1347,12:06,4:46
261,5486,16:10,7:49
44,2916,18:23,8:18
256,2916,8:46,6:12
200,1187,9:48,6:34
235,5560,19:45,10:01
41,5486,19:39,4:52
287,5449,14:05,12:24
44,337,11:01,6:05
144,2101,13:22,8:10
271,2101,8:49,13:22
206,2101,9:27,6:14
124,5486,8:21,11:03
240,1347,21:25,8:14
156,5560,12:33,7:13
151,5757,6:10,6:31
178,1187,19:38,4:14
140,5449,6:01,8:25
139,337,21:41,12:02
49,575,8:51,10:18
272,3213,15:21,13:49
140,5449,18:39,5:21
271,5560,11:01,4:35
75,3213,17:47,13:14
8,5560,14:20,11:15
45,5486,16:50,6:51
133,2916,13:46,5:39
179,1187,11:39,7:34
210,5560,10:43,11:16
37,2916,17:58,9:32
58,5560,12:32,7:49
50,1347,19:25,12:06
247,5757,11:07,12:52
15,575,17:36,4:12
171,337,11:11,11:03
237,1187,19:45,6:48
177,575,15:13,13:29
23,337,9:58,4:35
259,3213,15:24,7:26
173,337,10:14,5:36
34,1347,12:06,11:11
175,1347,17:50,5:35
192,337,20:30,7:08
80,5486,11:49,4:21
25,5757,13:26,10:24
245,5560,19:02,4:45
218,2101,6:01,5:51
12,2916,4:22,4:55
20,5560,15:00,10:35
294,5486,20:15,5:57
49,2916,12:32,7:48
137,2916,17:01,6:26
18,2916,14:01,7:04
153,5486,21:06,6:47
45,337,10:05,11:13
46,5757,22:18,7:11
43,2101,18:46,11:42
19,337,18:45,5:19
196,5560,13:27,6:45
65,1187,4:09,6:04
72,1187,7:19,11:01
271,5449,4:03,8:26
27,5757,15:53,8:09
53,1187,20:40,11:06
7,1187,7:03,6:12
46,5449,12:59,5:36
104,1187,18:36,6:27
197,2101,21:20,6:09
177,1187,12:59,9:10
169,5560,21:04,13:13
242,1347,11:27,6:12
195,5757,4:31,4:34
7,1347,21:43,7:50
129,2916,16:06,13:06
204,1187,7:13,5:09
39,5560,14:26,6:31
188,2101,19:15,12:43
4,5757,18:27,8:08
141,1347,22:46,5:52
197,5757,22:21,13:44
104,575,16:42,6:49
35,5486,21:07,12:29
6,2101,22:54,13:41
42,575,13:14,4:19
113,2916,15:51,6:59
179,1187,6:44,13:44
154,5757,6:33,11:46
23,5560,17:22,11:06
192,1187,19:29,7:02
191,5449,7:12,9:17
288,5560,9:25,12:28
59,2916,7:30,10:42
53,1187,14:06,4:21
103,2101,15:19,11:56
206,3213,13:03,9:16
286,5449,14:21,6:31
184,5757,13:49,6:24
94,1187,18:14,4:54
78,5449,21:57,12:55
37,2916,10:42,8:26
81,5449,20:14,7:42
166,1347,13:44,6:39
31,2916,5:13,5:28
139,5757,10:56,13:40
156,337,14:03,6:53
162,575,6:22,12:16
133,5486,5:24,10:04
245,575,20:44,5:08
248,1347,7:53,9:22
261,5757,15:32,10:22
233,1347,11:50,9:23
152,337,11:31,11:49
131,337,11:47,11:51
133,3213,17:41,9:38
132,1187,9:34,12:17
67,3213,9:47,13:39
181,5560,7:00,9:20
18,5757,7:45,8:09
72,1187,7:00,7:34
193,2916,4:13,4:35
134,5486,10:35,7:57
38,5560,21:38,5:22
264,5560,12:21,13:09
14,5560,8:09,4:06
139,5757,8:43,7:18
167,3213,18:47,5:04
186,575,17:00,5:30
144,1187,14:40,5:57
280,575,15:18,5:41
189,2916,15:31,9:46
209,5757,12:42,11:50
206,5449,11:12,7:24
80,5757,4:39,13:17
95,5486,10:54,5:05
258,5560,8:24,8:48
37,3213,13:12,12:52
205,1187,18:35,6:57
153,2101,15:20,8:09
6,1187,12:11,11:27
259,5757,12:20,11:42
283,5757,16:42,11:45
287,337,19:32,7:24
67,3213,15:09,7:16
37,5757,10:32,9:28
4,337,11:44,13:16
11,3213,12:27,11:51
109,5757,12:32,10:08
22,2916,18:10,5:53
115,575,11:45,9:58
3,1187,11:13,10:21
153,5560,12:49,7:22
260,5486,16:25,7:56
102,575,8:40,12:44
236,2101,13:25,10:48
76,5486,7:43,11:44
256,1187,5:05,13:22
203,5486,10:34,9:54
178,1187,8:12,12:03
23,575,18:47,7:39
176,5449,11:49,5:56
36,5757,6:09,12:50
142,3213,20:48,8:53
203,5560,12:08,6:57
124,1347,20:25,12:23
254,2101,4:33,7:35
71,1187,13:13,6:35
50,5486,13:26,11:25
154,2916,6:16,11:44
204,1187,19:49,10:14
23,337,5:39,10:36
3,5486,12:26,7:05
149,1187,17:51,10:37
196,3213,22:46,12:50
218,3213,8:20,13:20
31,1187,6:04,6:05
251,575,8:52,5:59
245,5560,6:50,11:56
211,5449,20:52,13:59
125,5560,22:26,11:30
178,575,9:42,13:26
222,3213,16:15,10:46
17,5486,13:58,11:38
55,1347,20:29,10:38
128,337,16:50,7:36
112,5560,7:10,8:31
144,5560,14:41,8:28
85,3213,20:13,12:16
232,5560,12:25,13:00
52,5449,9:06,13:55
145,5486,12:23,13:37
127,2916,12:14,12:21
182,2916,5:54,4:06
125,5560,4:58,4:29
67,5560,13:12,13:24
293,2916,14:38,6:27
258,1187,22:02,12:16
101,5560,6:23,12:18
82,2916,6:26,6:01
225,2101,18:56,12:44
139,1187,17:13,13:36
252,5449,8:01,13:30
171,5486,16:55,4:46
54,1187,7:56,12:30
53,2916,11:48,10:32
213,1187,7:17,5:02
201,1347,22:17,9:03
24,2916,4:42,12:36
138,3213,14:57,5:46
194,5449,16:55,6:24
92,5449,14:58,6:13
9,1347,12:52,8:23
120,1187,21:13,5:55
270,575,11:35,6:57
36,1347,9:33,6:20
222,575,10:58,10:13
288,5486,9:16,8:03
71,5757,17:17,11:55
160,1187,16:11,8:54
41,5449,19:34,6:25
90,5486,13:38,7:10
18,575,13:21,10:01
78,3213,5:05,13:40
45,2101,4:59,7:14
80,337,16:18,7:58
220,5449,8:47,5:43
270,3213,5:38,10:34
213,5449,18:10,9:23
282,2916,4:44,5:32
262,337,15:19,11:45
87,5560,21:51,7:22
205,5486,9:40,9:03
175,2916,13:24,8:21
57,3213,17:50,12:52
7,2101,20:31,12:55
256,2916,14:36,8:00
204,337,15:00,4:05
186,5486,13:02,11:01
186,1187,13:33,11:16
130,2916,17:26,7:39
281,1187,12:02,11:35
147,3213,15:53,6:05
48,2101,15:29,7:00
266,5757,8:45,9:23
265,2916,7:00,8:05
224,2101,14:20,6:32
151,5560,17:47,4:49
16,337,20:33,12:40
210,2101,11:46,11:16
143,1187,16:50,12:54
287,5757,13:18,6:25
159,5560,22:28,12:56
224,5449,21:44,13:20
23,2916,5:03,12:58
208,1187,12:56,10:07
111,5560,21:18,9:19
58,5449,18:09,6:17
51,5486,16:59,11:16
130,575,21:16,8:32
66,5757,22:57,5:02
5,2916,14:20,7:34
62,1187,6:17,13:40
196,1347,12:26,10:35
116,337,12:36,7:40
136,2101,13:59,5:22
95,575,13:21,10:57
167,5560,9:14,8:22
219,1187,4:41,5:00
6,5449,6:13,6:42
286,5560,13:06,7:55
236,575,20:43,10:14
151,1187,8:41,11:45
46,2916,4:15,12:03
157,337,4:11,12:30
124,5757,17:19,13:08
137,2916,12:18,6:29
157,1347,18:17,12:48
232,3213,15:45,9:09
22,1347,22:48,11:51
215,5449,13:51,6:23
287,5560,7:00,10:15
116,3213,16:37,6:48
118,5486,8:02,10:27
74,2101,4:16,10:19
45,5486,20:12,13:12
16,575,4:37,11:10
170,337,12:15,5:03
156,5757,20:16,12:31
226,2101,7:29,4:22
161,575,13:59,7:46
257,1347,19:43,6:13
6,2101,9:22,8:01
97,575,5:25,5:08
257,575,12:57,5:08
104,337,22:02,10:47
96,575,12:20,10:49
209,5560,13:27,13:27
211,3213,9:17,6:24
270,5449,15:26,11:39
182,5560,6:48,4:18
184,575,9:27,13:40
78,5486,14:30,10:26
219,337,4:56,11:11
93,2916,4:46,7:57
242,5757,18:55,10:38
152,5560,11:30,12:34
44,2916,21:53,11:53
269,5757,7:51,8:42
162,5486,14:20,11:18
188,1347,9:40,8:52
90,1347,20:14,13:36
209,2916,19:25,11:59
44,337,14:47,10:00
166,1347,18:18,6:08
174,5449,15:42,10:26
266,575,10:51,4:42
240,1347,20:20,6:30
248,337,11:26,8:02
23,5449,4:09,12:53
169,3213,13:15,11:37
208,5486,9:52,12:01
190,2101,14:47,8:49
261,2916,7:10,11:50
47,5560,19:34,11:01
201,5486,6:10,9:53
63,5560,16:35,7:29
272,337,14:06,9:25
208,5560,12:20,13:02
177,1187,21:21,5:12
101,575,6:55,9:17
265,575,4:41,9:34
72,1347,16:02,11:14
183,5449,6:26,5:59
289,5560,15:23,6:21
80,2101,20:33,5:14
279,5757,6:59,13:26
266,5560,19:18,12:37
71,1187,19:19,8:53
128,1347,19:13,11:23
48,5486,12:45,6:13
33,5757,15:00,11:18
217,3213,5:20,7:54
174,1347,22:40,13:58
223,2916,19:16,6:05
137,575,5:42,8:40
20,5449,19:06,10:59
126,2916,14:58,10:06
204,2101,10:47,5:10
65,2916,19:52,7:58
64,337,14:25,12:35
57,2916,15:51,11:03
101,575,17:28,13:51
198,2101,18:43,12:24
114,1347,19:26,13:54
55,5449,15:27,10:14
38,5486,15:30,13:20
217,3213,12:23,4:10
249,5757,11:31,6:55
257,5449,4:03,11:20
95,5449,19:19,5:06
116,2101,10:15,9:21
161,5560,6:06,8:51
16,1187,10:24,4:07
290,1347,22:11,12:34
252,575,19:07,9:42
7,2916,11:10,7:11
208,2101,16:38,7:52
96,1187,13:23,11:52
13,5560,19:36,12:49
208,5560,19:46,8:58
157,337,8:50,8:35
215,1187,11:04,11:53
257,2101,12:10,4:40
300,2916,15:49,5:28
96,1187,14:07,10:09
227,2101,14:42,9:41
290,1187,21:48,7:13
114,5757,10:20,11:23
276,5486,18:25,11:49
207,2101,20:56,4:24
189,5449,7:17,7:20
108,2916,6:59,9:26
270,575,15:35,13:50
46,5757,21:28,7:29
217,1347,11:31,8:34
22,5757,21:51,11:01
68,5486,15:52,10:51
205,5449,11:42,9:11
131,1347,14:26,12:05
200,5486,14:44,10:32
18,2916,16:54,13:48
192,5486,17:01,8:31
251,5757,14:09,6:52
10,5486,17:47,12:14
105,3213,15:16,6:37
263,1187,18:00,7:33
280,2916,17:28,8:24
24,5560,12:29,5:51
15,1347,10:44,6:23
78,5449,19:08,6:14
266,1187,12:53,13:40
45,1187,17:28,8:22
207,1347,8:19,12:41
8,5560,16:41,13:24
265,3213,20:32,11:42
279,1347,15:55,13:43
25,3213,4:50,8:08
136,1347,18:05,12:55
138,1187,6:26,6:23
297,5757,8:02,8:47
167,2101,18:45,12:20
251,5757,14:21,8:57
130,575,15:34,5:41
39,2916,8:40,11:00
230,575,20:21,11:24
178,337,19:07,6:02
96,2101,15:09,10:10
279,337,6:46,9:56
183,2101,17:44,12:51
282,5560,8:57,9:36
101,5757,8:11,7:51
25,5757,17:47,7:04
203,337,14:22,8:57
139,2916,22:15,8:47
268,1187,13:30,5:14
262,575,12:30,11:35
244,5486,14:17,8:08
53,1187,20:26,11:29
60,5757,4:34,10:47
119,337,15:26,12:43
224,5560,22:34,9:18
174,337,4:13,4:06
94,5486,6:34,4:18
126,1347,8:24,9:15
107,2101,4:36,11:49
66,2916,19:30,8:34
134,2916,10:27,13:33
128,2101,18:00,4:36
60,337,18:15,9:33
129,2916,10:15,8:27
106,5449,7:04,5:44
126,2101,6:14,9:32
264,2916,5:07,13:57
273,5449,22:28,6:52
151,3213,14:26,4:51
133,5560,18:52,12:42
250,337,13:12,5:34
213,5449,17:23,10:48
75,2101,11:51,10:55
130,1187,10:23,13:43
197,5486,22:22,4:38
19,5757,16:48,7:54
230,2916,19:40,6:48
114,5449,17:28,13:15
287,5757,21:59,5:49
82,2916,4:34,7:49
100,2916,21:11,8:55
171,575,20:31,13:21
43,5560,13:32,4:21
214,5560,9:10,13:30
249,2101,16:57,12:42
225,2101,6:04,13:46
199,5560,4:21,9:50
181,5486,12:08,4:53
39,5560,19:23,6:23
15,5486,22:49,6:41
144,5449,5:10,8:41
210,3213,12:27,11:01
164,2101,17:58,10:47
244,1187,10:50,6:41
278,3213,11:23,5:47
198,337,4:54,5:57
228,3213,11:52,12:34
182,1187,16:46,9:47
200,5486,17:11,4:06
68,5560,6:42,11:34
279,337,13:59,12:49
69,3213,9:05,4:17
29,5449,11:03,11:41
237,575,9:53,9:50
48,5757,5:41,11:06
208,2101,15:55,10:07
236,575,10:16,13:09
187,5486,15:33,7:34
100,3213,16:24,5:19
106,337,14:33,4:55
136,575,6:26,4:09
274,575,11:08,8:48
276,1187,21:03,10:52
215,2916,18:52,11:48
100,3213,14:52,11:25
53,1187,21:56,10:58
213,2101,7:13,4:34
171,5486,8:36,10:26
113,5449,13:09,13:49
177,5449,10:44,7:11
81,1187,13:02,4:48
273,1347,16:20,8:39
100,5757,22:48,13:10
13,575,4:51,13:15
230,1347,6:39,8:29
79,5486,10:00,10:42
117,5560,4:37,11:16
57,5486,7:36,10:41
119,2916,5:45,12:00
274,2101,16:02,10:17
123,337,19:32,7:32
245,5486,12:56,10:52
210,2101,6:15,7:26
90,5486,22:53,8:48
145,575,15:09,8:24
149,3213,21:13,4:23
67,5560,12:28,13:11
91,575,7:32,6:14
56,3213,11:30,5:05
260,575,12:53,13:37
44,3213,7:00,6:15
114,5757,17:21,4:15
17,2101,15:01,13:25
238,575,13:19,13:34
200,1187,17:04,6:51
223,5486,5:01,10:20
30,337,8:06,13:34
147,1187,16:12,9:59
124,1347,17:05,12:23
111,5757,10:11,9:02
106,2916,20:34,8:46
280,5757,9:02,11:42
63,2916,7:23,5:02
133,2101,20:03,12:01
191,2101,4:45,5:56
43,2916,19:55,9:28
92,575,17:28,6:51
215,5757,10:15,6:16
190,337,4:11,6:59
169,2101,21:47,9:46
7,3213,22:40,10:49
60,1347,5:25,6:34
141,5486,16:49,10:46
202,5757,10:10,13:06
1,2101,14:12,12:13
267,5486,20:57,8:40
24,575,17:16,8:50
84,3213,8:08,7:03
191,5449,15:00,8:30
299,5486,9:50,9:03
219,5560,22:35,13:07
192,337,12:13,4:06
149,1187,14:03,12:41
94,2101,18:42,9:06
179,575,14:00,8:21
258,2916,8:30,11:35
22,5757,7:48,11:50
53,5757,16:49,4:12
207,3213,4:03,7:58
254,3213,8:17,13:33
154,337,19:02,5:16
246,2916,13:20,5:09
262,2101,10:50,13:10
189,5108,8:54,5:17
271,14831,11:14,13:48
41,14527,6:12,7:57
297,2220,22:14,9:16
286,18040,5:29,10:51
277,4640,20:13,5:40
36,19786,22:30,13:53
22,2324,21:26,11:10
200,17357,15:22,6:52
18,12535,11:41,4:56
268,10913,5:25,12:18
143,831,8:02,5:18
282,13976,12:17,6:34
200,13775,8:10,7:01
182,4747,17:26,12:54
109,11114,9:25,13:35
85,18532,6:20,12:08
272,19719,17:17,9:34
192,12791,4:53,10:18
1,12822,5:26,9:46
277,18189,19:42,10:42
202,16833,6:06,6:25
293,2327,13:53,9:00
174,15175,21:57,4:11
120,15702,9:49,9:03
187,9674,10:58,5:33
48,2971,8:44,13:18
292,13337,9:51,11:47
46,4533,22:09,7:01
172,5410,22:22,10:04
178,12584,13:46,8:26
219,4568,7:08,10:09
47,17871,10:52,5:41
77,15636,22:52,6:36
120,8544,19:31,8:23
114,1138,14:31,11:00
6,14300,20:16,13:28
113,3141,9:19,13:11
13,4637,6:30,6:30
69,13763,4:43,10:29
43,698,4:15,7:01
87,15617,7:50,11:26
263,744,19:24,10:05
48,6747,4:51,7:42
271,8331,14:06,5:41
144,453,12:04,9:15
82,19319,14:15,4:21
212,8305,4:45,10:49
105,12645,12:10,4:05
249,17468,8:22,10:35
126,2775,21:48,12:00
223,8482,20:22,9:29
275,19057,4:31,5:13
240,6930,13:01,8:26
231,12531,9:07,10:02
266,10203,13:14,10:29
163,13738,15:58,7:07
160,6912,15:43,12:03
7,18235,13:27,5:07
160,16869,22:47,5:12
263,17843,4:53,6:22
64,19890,19:28,6:57
19,19198,10:56,9:13
178,7920,11:41,13:30
72,11350,12:30,12:03
117,1374,7:53,12:26
258,14112,11:44,4:40
257,13817,9:50,6:41
169,10801,20:27,13:10
67,10676,13:31,9:43
193,9962,14:25,13:13
222,6050,6:03,11:38
167,6711,15:03,8:27
216,3696,14:51,11:51
73,4738,6:38,8:17
256,19384,17:41,10:12
268,2285,16:59,5:08
259,13215,20:51,9:15
207,18946,22:49,6:28
102,14811,18:21,5:06
136,2980,5:25,8:59
170,2332,21:21,11:58
105,189,22:59,6:38
128,1163,7:30,10:42
216,6814,4:08,11:02
99,17130,13:56,5:59
97,1152,9:54,8:33
11,11188,17:20,9:42
13,7362,19:31,8:02
66,10907,22:12,5:22
143,10731,13:10,8:59
26,6876,10:33,13:39
239,9397,6:17,4:46
261,19638,21:41,11:36
60,17168,16:19,4:26
193,14669,11:32,4:11
299,16226,16:05,10:36
68,14014,4:26,11:00
56,962,20:50,6:50
239,14019,4:28,12:56
134,7296,16:22,7:50
251,3185,12:24,5:08
69,633,15:54,5:21
105,2639,15:56,9:01
250,18442,15:32,11:10
155,19095,9:46,11:35
41,16858,10:58,9:23
155,13461,19:08,11:11
30,5493,11:52,4:30
170,11827,7:08,11:11
137,16983,18:04,6:34
188,17155,11:37,6:10
51,12051,11:36,5:19
239,12097,11:46,9:17
30,7944,8:46,5:47
299,15991,8:37,10:12
178,19269,5:25,4:06
235,3018,17:57,5:19
76,19353,10:22,6:54
102,15447,8:24,7:44
213,38,5:35,7:35
36,9848,9:08,13:35
249,18634,4:05,6:22
224,5859,12:29,12:20
73,4847,16:47,10:59
89,16868,5:43,6:36
268,14527,13:59,5:58
177,6737,16:56,9:16
138,12051,19:57,5:33
11,14992,16:58,5:29
87,13249,8:01,9:58
116,1846,4:16,7:05
153,8881,9:26,11:43
230,3018,11:03,10:23
237,18970,5:23,5:05
119,8614,9:21,12:10
266,19567,7:58,6:51
107,12019,18:57,13:21
122,15101,6:50,8:32
277,2559,9:29,5:07
166,16572,15:45,11:29
262,1065,19:21,11:57
243,5039,7:18,9:21
83,15155,13:22,8:09
43,5431,19:06,5:42
274,13367,15:49,11:11
133,13228,9:26,12:19
146,17888,13:49,11:08
168,10718,14:46,11:06
272,13659,4:08,13:00
111,12828,15:35,9:07
275,15892,11:34,13:58
170,19954,13:07,4:18
256,17798,15:49,13:16
255,14436,22:48,6:45
75,13301,6:42,5:41
154,9272,5:59,6:25
232,6857,4:32,4:41
214,4155,13:51,9:35
144,12510,17:10,8:24
20,5548,11:47,6:41
286,1490,21:24,9:20
127,5944,22:06,13:03
296,11833,7:07,12:13
120,17537,9:52,8:59
99,14275,10:53,7:07
160,6001,11:32,11:52
129,4798,17:03,7:46
144,16166,8:11,13:51
288,13029,12:21,5:02
19,19874,15:57,12:19
220,12853,13:59,8:59
271,12671,9:52,13:10
195,16248,6:31,8:14
56,16543,15:19,5:08
201,9615,7:10,4:30
121,4773,11:32,7:34
108,17298,22:59,11:39
141,12130,7:23,8:32
17,9841,10:48,8:13
56,5586,18:09,8:15
232,18226,13:32,4:41
20,10664,10:59,6:08
229,19153,22:07,9:21
160,11533,16:56,4:33
279,4444,9:26,13:01
77,11194,10:34,4:09
152,14270,10:05,4:35
277,18587,6:51,7:59
60,186,13:40,4:27
239,16031,13:23,4:08
265,2284,8:57,10:59
22,9913,9:50,6:39
275,504,11:11,5:36
46,4807,19:13,12:30
47,10631,22:04,11:28
258,10774,7:57,8:42
52,14424,9:12,4:24
197,19299,10:19,12:24
24,16755,12:46,6:33
182,7318,15:12,10:22
120,18699,5:41,10:14
261,16309,21:26,10:27
279,15399,9:17,10:08
254,906,9:45,13:38
35,14083,13:23,12:03
159,5394,4:20,13:11
113,19341,19:09,6:51
237,16331,15:57,5:44
196,3919,9:51,6:22
26,1064,4:32,6:27
189,10125,22:27,6:58
4,19887,4:31,4:12
151,18590,11:12,10:24
254,1401,8:15,12:56
135,4236,12:07,10:23
230,6486,6:03,12:34
25,5449,11:40,12:01
272,12988,6:24,13:22
284,10473,8:35,10:11
193,17478,9:28,4:01
160,6897,13:12,7:44
4,8821,21:57,8:25
2,4152,22:26,13:43
41,19620,22:33,5:46
36,7319,22:45,4:17
166,9217,22:57,5:18
132,2036,5:57,12:11
175,17341,20:27,6:21
278,19565,22:59,6:36
116,11268,18:34,11:26
109,13988,6:07,9:32
133,2646,14:11,10:00
136,7770,18:53,6:06
168,12015,20:29,6:05
292,3669,8:53,12:14
56,11871,4:49,9:45
164,15904,7:56,4:59
192,9999,7:18,9:05
262,19450,6:57,5:07
5,10561,14:00,12:42
43,3306,11:26,4:20
18,17587,21:22,10:31
108,3993,17:54,7:56
75,13094,13:54,5:47
140,13901,18:55,4:18
179,14979,5:44,6:03
43,12171,7:03,12:58
63,10673,5:17,12:47
281,11125,6:23,13:27
280,15866,16:59,9:14
129,5932,21:20,6:22
254,15867,7:39,10:16
65,9212,14:45,6:57
129,1013,19:26,8:28
78,6881,9:29,6:21
263,1825,15:01,8:26
296,13622,11:49,12:07
63,3270,14:15,11:43
69,12179,15:25,7:19
214,2906,13:02,12:20
136,3,19:28,5:14
74,9503,6:45,11:53
292,5843,7:02,8:33
73,7170,11:05,12:40
33,4271,4:37,9:32
209,9736,12:00,7:54
7,1253,22:21,11:41
220,828,18:51,12:23
200,14696,4:34,8:43
35,9121,22:00,10:30
9,4713,22:55,10:46
70,11497,21:07,4:10
66,19969,6:21,10:57
34,19723,16:55,8:34
15,2949,21:35,11:46
227,8077,16:07,5:10
30,11578,19:37,8:33
34,8090,11:44,6:10
123,2389,17:09,8:03
38,2625,5:03,6:48
285,7420,17:29,11:15
191,18725,13:42,6:38
128,6701,8:24,5:23
38,14181,21:43,4:54
263,203,7:57,12:06
93,9194,8:45,12:59
189,6946,14:29,8:09
259,1390,16:38,4:57
33,12652,8:09,11:22
238,17644,8:46,12:48
115,11345,20:33,6:10
208,17163,5:21,7:48
261,15953,21:16,5:37
119,10540,14:57,11:16
54,8640,8:44,10:24
190,7782,6:01,9:27
215,18385,17:22,8:06
192,10527,7:16,8:21
188,6455,20:20,11:50
67,11758,19:52,12:35
80,17054,22:45,10:49
8,7941,14:33,12:33
15,14751,4:04,13:27
206,17180,8:21,7:35
292,6979,12:30,6:51
74,4702,21:53,5:16
233,12890,7:44,6:40
173,3135,22:40,7:49
285,8323,20:45,4:47
29,18995,21:55,4:07
16,9241,19:53,11:08
265,15608,12:57,6:10
74,281,17:25,7:34
119,7853,18:18,4:21
91,2330,19:13,9:58
146,18914,5:15,10:12
7,17967,22:12,11:24
248,11161,4:49,12:59
287,443,14:13,11:20
158,2954,9:04,11:13
225,15884,19:46,13:50
118,17227,6:25,7:50
117,16370,17:51,11:35
150,3507,10:46,11:51
273,1737,6:45,11:52
289,2260,22:37,12:41
119,12055,13:19,13:54
252,19716,8:00,7:05
166,19790,9:25,5:14
191,8719,10:18,6:50
58,1147,5:48,8:21
178,14339,14:15,4:23
107,19123,22:57,6:52
106,18744,18:51,9:04
123,3534,11:07,12:49
68,14290,13:38,4:12
298,1009,18:33,6:15
257,1123,16:13,10:40
180,16265,19:40,10:59
130,13941,16:07,12:38
15,5728,10:51,11:35
198,18131,4:55,9:20
227,5299,12:05,9:33
168,14458,10:51,5:57
1,13654,10:19,6:54
123,1981,4:30,7:01
117,5779,7:03,11:45
85,23,5:24,10:30
203,6482,12:03,12:17
1,11732,15:49,4:36
44,4088,8:34,7:59
241,4101,21:05,7:57
200,10625,14:41,6:32
92,2559,15:48,6:49
163,1547,18:28,7:51
244,2383,13:42,8:04
215,16242,17:28,6:07
170,19025,5:44,9:51
271,4015,5:00,13:01
232,4299,22:12,12:40
111,17534,13:26,4:27
50,615,7:37,9:00
171,17564,21:18,11:02
213,8261,7:24,5:48
235,7724,19:02,6:58
280,12423,21:03,13:11
92,4420,17:31,5:51
244,9448,16:25,7:08
116,11938,18:39,4:09
198,11343,22:14,9:21
232,13646,6:38,7:52
176,12162,21:41,9:40
57,299,9:12,12:25
193,9106,9:28,6:09
55,2669,16:46,13:47
135,380,17:49,8:50
284,17203,17:17,6:21
282,10566,18:20,4:53
158,15484,12:12,11:55
149,18404,22:19,9:41
225,6734,12:10,13:21
266,2887,7:06,8:03
244,8196,14:38,8:14
293,18791,9:04,4:09
279,10621,6:48,9:51
265,18928,16:04,8:31
101,3322,17:48,8:00
58,2079,16:50,11:28
130,18636,13:39,10:51
23,17783,4:22,6:25
78,18472,9:28,10:43
137,7751,13:01,13:40
67,15279,11:00,5:33
117,11222,16:59,8:40
5,13883,4:07,4:32
198,7385,11:27,4:19
32,18239,17:17,12:34
10,12698,4:32,13:57
131,13954,4:18,13:30
249,18192,4:34,5:41
115,9575,16:17,4:50
273,12045,22:03,11:15
184,1566,19:37,11:31
259,16051,6:57,10:18
157,14487,7:53,11:49
12,14109,4:50,4:01
1,7558,20:57,8:40
164,5593,7:54,13:12
119,11863,5:28,10:33
282,1652,20:37,6:31
221,10829,5:40,9:25
248,923,7:21,13:16
82,14130,21:53,10:12
300,11851,11:01,11:01
23,2889,9:59,6:28
148,17057,5:26,11:14
251,6724,10:50,4:04
147,15668,16:15,13:12
78,3754,22:18,10:07
5,6276,7:53,4:36
171,16143,11:08,13:45
187,6226,15:29,4:23
263,3653,5:27,12:39
91,17377,17:32,8:02
75,3811,22:00,10:59
116,13589,10:41,9:47
145,19506,6:58,7:12
138,11898,5:38,10:05
106,10786,12:58,5:32
3,8333,6:03,7:16
81,18584,6:06,12:27
6,15380,8:53,12:58
171,15946,9:24,10:03
130,4951,8:41,7:17
169,16018,15:27,6:34
99,10405,10:57,10:52
72,17378,21:53,5:59
135,17033,22:12,12:53
143,6520,4:21,12:53
172,13336,12:58,11:24
45,4619,18:21,9:57
213,9765,19:46,12:14
7,917,12:42,12:24
57,4942,13:36,9:08
179,11370,10:53,6:10
271,451,13:02,8:06
183,7612,12:30,11:01
282,6876,21:21,12:54
200,6218,7:21,5:13
82,9386,15:48,4:22
107,7355,7:09,4:56
175,3630,9:33,4:18
292,8507,17:52,8:29
185,1768,15:18,5:02
117,12553,7:59,7:48
75,15351,4:35,9:34
256,18295,18:10,4:53
62,13372,12:26,9:35
182,10820,18:16,5:49
167,7851,20:44,4:33
56,19027,22:56,5:39
61,19699,5:37,11:28
118,14522,11:49,12:30
49,3348,17:16,11:56
295,9780,4:48,7:38
268,15321,17:16,4:38
77,10624,18:42,11:12
170,12783,12:23,4:34
268,11161,22:48,7:50
135,17617,12:35,9:38
225,19483,21:49,6:52
58,12409,19:50,13:36
180,3539,4:24,6:46
200,11479,5:14,10:31
208,5511,21:09,7:34
229,10852,6:50,12:13
133,2324,7:13,10:26
81,10276,17:36,11:17
91,11166,9:30,11:18
298,1082,18:31,4:29
228,18943,6:32,7:05
118,14583,16:37,12:18
288,11512,15:18,4:41
198,301,17:21,4:43
282,9738,14:51,6:41
26,3820,19:59,12:36
221,9832,14:47,10:38
13,19614,20:35,6:28
231,9168,8:03,9:24
38,14547,9:29,9:42
12,5520,13:48,13:03
76,184,14:52,13:47
178,2232,22:34,6:35
17,6899,13:02,10:29
134,8103,7:33,11:36
22,11916,22:39,4:30
69,16311,17:08,9:48
138,19332,12:41,11:14
63,8818,5:00,9:44
88,13551,18:34,11:49
246,4488,13:35,5:36
222,19631,4:42,8:37
217,11756,8:20,12:22
135,5632,18:15,5:20
181,7029,18:16,13:35
10,19565,13:18,11:10
216,5741,19:20,7:27
52,17168,5:26,10:08
7,7534,17:36,9:29
63,18597,22:05,11:38
102,6460,13:33,7:08
274,2299,11:43,6:11
173,2283,19:36,4:52
143,7156,19:00,6:05
100,6116,10:58,7:20
49,219,8:58,11:06
133,13408,18:13,12:01
214,14462,7:01,12:32
133,922,16:53,5:15
27,16200,13:43,5:05
69,19148,9:34,6:49
223,14216,12:07,4:55
46,4354,18:09,9:08
293,19457,19:55,12:01
116,8497,10:18,6:17
69,8416,19:23,7:45
241,15417,6:10,13:42
293,7708,4:29,12:14
273,6838,16:00,13:09
198,7735,19:14,8:06
98,14597,19:36,10:13
230,7924,20:55,5:33
14,4768,8:43,7:15
198,8591,7:42,7:40
2,12037,13:05,6:46
14,8755,16:50,6:35
32,11123,20:26,4:36
195,11243,17:08,13:00
25,2646,8:09,9:15
48,598,11:32,6:48
60,18896,6:50,13:11
240,9117,13:56,5:45
221,19046,19:21,12:04
197,11481,21:41,5:02
298,6218,5:39,5:16
210,8741,10:10,5:06
14,16438,10:14,5:25
93,1372,16:46,4:51
42,9648,17:24,12:11
235,12468,21:00,7:33
21,7869,15:25,8:40
191,9620,7:50,5:42
219,7770,7:17,11:05
202,10274,18:22,6:38
130,2603,11:44,10:25
202,10350,4:34,6:06
112,1422,7:09,6:10
204,17898,9:13,7:29
19,8686,5:31,13:53
278,6103,7:34,4:48
274,2339,17:10,6:33
171,6725,7:38,9:56
293,3806,16:16,11:32
104,3859,21:12,5:53
27,19377,4:26,10:20
60,14844,22:08,9:14
98,17643,21:15,5:45
101,1299,12:57,4:08
246,3565,21:29,5:15
158,18309,4:15,13:45
233,12838,5:42,9:38
241,700,14:58,10:32
90,1335,4:08,7:16
120,3588,19:23,4:12
77,16443,5:31,9:50
37,1572,17:36,7:21
201,9183,4:12,5:06
22,18574,7:58,7:59
98,3732,10:47,4:41
24,19036,18:31,4:45
285,15412,20:16,12:45
52,12530,15:42,4:42
114,13834,18:04,7:09
273,9659,13:12,8:31
255,5672,22:17,5:01
17,13979,21:26,8:06
79,6559,16:10,12:04
130,8137,20:10,11:45
252,18168,22:55,6:21
1,19804,12:29,11:13
251,5697,9:58,8:30
27,3417,6:53,11:18
155,12263,10:17,4:16
243,13966,16:09,6:33
92,7994,17:54,13:00
238,5307,22:55,10:20
80,1936,7:59,10:15
60,14431,21:24,13:27
101,6565,11:51,4:41
178,15304,15:33,10:46
15,4161,4:08,10:13
34,16285,12:41,12:05
196,11664,4:52,9:55
109,16965,16:58,8:47
273,18945,18:44,5:30
51,11956,8:32,5:20
199,4950,5:15,10:39
132,7637,20:34,4:34
228,2858,11:57,5:18
74,7429,13:43,8:27
76,60,22:32,4:25
284,10646,18:20,8:50
81,4743,4:43,9:56
291,3915,11:44,12:26
65,11369,20:35,13:54
235,2183,22:45,6:49
127,3455,9:26,13:53
96,3977,22:44,9:33
267,7434,16:49,8:34
149,15329,18:55,10:35
255,2979,12:28,6:30
16,3961,18:12,11:12
234,9059,16:42,7:44
250,176,10:48,7:17
62,1586,9:01,4:19
187,4701,6:59,5:19
243,1881,10:22,6:30
137,5961,4:18,9:30
119,4150,6:14,10:02
253,2371,15:01,12:34
233,18765,9:01,7:34
217,19605,21:18,6:40
39,10805,4:10,7:09
140,15512,15:45,6:00
63,4604,21:07,5:22
280,2128,18:41,9:42
150,14918,20:43,8:37
158,17416,8:13,12:41
66,6649,6:54,13:23
262,14219,5:28,10:52
208,8253,7:40,4:01
221,2777,4:38,10:44
148,19876,20:34,7:35
8,11386,15:42,5:13
34,12094,11:26,7:12
113,13888,15:23,8:00
237,5402,22:13,7:59
47,160,8:29,11:25
285,261,19:03,7:44
89,2502,11:09,8:30
99,2161,21:23,6:46
27,2806,14:35,10:58
237,19369,14:57,8:03
33,3015,5:29,12:30
43,17875,11:05,13:36
269,6932,9:47,9:55
25,13741,22:24,9:14
170,3860,22:38,4:33
98,18026,16:31,13:01
91,18782,9:24,13:17
84,12533,20:30,13:49
253,4160,18:19,6:07
98,5456,19:16,9:33
103,7833,9:27,4:18
124,18802,17:48,7:26
131,14128,7:59,11:34
285,7053,11:56,7:39
48,17115,10:39,4:26
143,14798,21:54,13:46
121,19459,5:57,8:05
90,14946,10:03,6:48
196,18040,6:14,10:16
289,14136,12:26,7:14
114,10172,8:08,7:10
3,17855,16:55,4:12
139,742,4:48,11:00
202,14282,7:46,11:22
256,17243,10:45,10:20
81,6373,22:21,13:18
34,12572,10:46,13:57
144,1140,20:06,4:35
57,16901,15:08,8:45
204,16559,5:15,12:00
72,6254,10:39,8:45
240,8349,16:17,8:02
281,18136,18:23,7:11
245,5537,9:52,10:02
89,13540,16:29,5:56
201,3316,10:26,7:49
293,17532,13:00,13:17
4,2828,8:03,10:22
132,1719,10:47,5:15
254,16259,10:41,13:44
185,18756,10:44,9:19
195,10843,6:24,12:59
28,12963,18:31,4:54
187,19550,12:20,10:52
200,1949,12:26,6:17
255,13325,4:17,10:51
56,17719,5:39,11:51
92,2788,5:10,5:33
138,12392,5:50,4:13
227,4169,22:03,6:00
102,17834,20:03,8:05
262,3631,20:06,9:11
88,4401,6:09,11:08
169,4544,4:45,9:30
50,15715,18:48,9:56
44,4041,21:41,12:10
106,3848,9:33,6:21
228,15835,7:11,13:02
178,13756,15:01,10:08
58,8381,11:40,8:10
160,5860,4:02,6:25
182,18702,11:56,12:22
35,19359,15:44,6:36
208,18561,21:02,5:43
52,14299,7:54,8:54
69,211,19:32,4:32
190,15951,7:51,11:37
48,3735,7:00,13:38
41,7994,15:25,12:01
206,673,8:16,13:14
239,4130,5:00,11:28
190,11914,18:31,8:19
24,12365,17:48,12:22
44,15832,15:49,7:41
37,12364,7:21,11:54
205,13707,11:14,8:27
251,5786,11:22,6:58
157,416,15:56,13:00
25,813,18:41,12:55
126,14339,20:57,5:34
163,17123,4:58,9:01
86,2069,20:25,10:20
35,11683,10:42,13:18
132,2690,15:21,11:40
142,8499,11:42,9:40
237,18383,13:16,5:44
79,5991,7:51,4:25
177,11965,14:59,8:22
71,16582,19:52,4:21
205,2382,20:37,10:45
288,17776,8:27,12:33
75,15183,15:25,6:39
264,10276,7:49,9:05
27,2387,7:52,4:21
178,11271,20:40,13:34
234,3945,22:40,4:16
117,17617,18:35,13:29
54,17373,17:10,10:19
215,10408,17:31,13:15
97,1577,9:49,10:51
158,11660,8:24,13:35
117,19686,7:37,11:45
299,16585,11:36,5:11
14,8063,18:11,6:09
180,4880,8:18,5:35
182,7952,10:01,12:31
194,16842,9:37,11:49
47,7807,12:09,13:41
22,13844,9:45,10:39
213,612,15:02,7:14
134,7596,17:55,7:28
240,2677,21:52,8:17
296,16245,7:42,5:18
225,10940,14:57,4:08
289,11779,5:41,6:16
46,2751,14:27,7:51
190,2925,16:32,4:18
24,3613,12:58,7:46
20,17934,18:19,7:26
286,12475,9:56,8:56
92,11240,13:11,12:21
140,19989,19:17,13:30
232,19393,13:53,13:57
189,9811,18:17,10:53
154,3552,5:42,10:39
86,14189,5:25,12:57
10,14065,9:21,7:35
290,19512,6:37,12:18
247,4317,9:02,6:50
205,1471,5:16,11:09
138,10461,13:30,5:13
240,5538,9:15,7:50
26,3482,16:52,8:53
13,15541,19:30,9:39
267,12987,10:50,12:12
275,3959,22:21,8:52
238,6106,8:47,10:39
284,7649,21:09,12:13
300,11846,6:55,9:31
145,7638,20:07,9:46
111,18624,16:35,8:19
47,13116,12:52,11:34
204,17019,18:17,11:58
108,6415,12:35,13:50
212,16024,7:44,9:14
105,11115,6:09,9:06
183,14594,9:34,7:03
68,10301,21:09,4:55
128,292,6:28,9:41
87,18738,9:08,10:35
33,4058,9:41,10:14
18,17638,7:30,12:29
194,11896,22:48,6:00
148,13317,4:50,8:26
281,6559,17:19,9:08
169,15999,8:27,9:50
283,19643,16:24,9:15
135,534,13:35,13:13
69,7996,7:53,5:51
243,13463,4:34,12:22
68,7314,16:23,8:42
55,8480,22:11,9:45
117,17441,8:38,7:37
177,6581,5:40,7:40
75,4897,6:34,7:03
55,5927,4:47,9:46
143,1713,5:08,11:20
69,17380,18:27,9:58
130,327,18:48,13:04
251,7839,17:51,6:41
103,14881,14:52,9:09
120,7915,14:02,7:44
49,4730,19:03,6:57
229,5180,8:24,9:45
280,10171,19:49,5:06
125,18358,19:37,4:01
68,8753,5:14,8:05
262,16428,15:52,13:37
202,9086,11:02,9:14
161,19295,18:45,5:15
148,18836,7:58,8:13
266,7359,13:12,9:02
280,15546,13:17,7:06
122,17809,12:35,11:44
231,12692,21:38,7:06
202,12317,4:50,4:32
259,10143,5:43,7:40
290,4815,7:34,9:39
133,17257,7:50,11:45
64,4088,13:53,9:54
224,5533,22:50,12:34
229,19471,4:22,4:59
21,2395,9:59,4:34
288,2081,17:13,13:14
119,9789,7:57,9:22
41,5236,23:00,13:41
173,6765,21:37,13:27
86,11889,12:52,10:16
260,3113,11:02,5:36
156,11790,21:34,5:52
78,16019,14:33,10:12
104,19032,20:42,4:26
6,5191,10:01,7:20
58,12431,6:08,6:11
244,6274,17:38,10:50
181,1682,9:18,12:00
133,11396,4:55,11:04
11,6571,8:50,10:08
150,1394,10:25,13:12
174,17313,5:34,13:25
202,4933,19:38,6:41
116,9261,10:00,8:00
155,11341,13:45,5:00
299,14520,19:10,11:46
157,14829,14:59,10:53
232,15404,18:13,11:42
73,16789,6:38,6:54
119,16659,22:13,6:40
268,305,19:11,12:03
156,19552,14:00,13:21
216,5794,6:54,11:02
124,10781,5:55,8:18
266,1705,20:05,12:03
85,496,21:57,11:26
232,17552,5:29,10:22
72,11948,5:11,10:59
28,13698,13:11,11:42
157,11692,15:25,4:22
257,14453,21:31,12:56
213,919,17:53,8:20
207,14110,13:19,4:20
92,11949,9:39,13:34
177,2209,18:53,5:58
107,1638,13:21,6:55
95,17015,4:40,8:15
153,16883,12:32,11:16
12,10400,12:31,6:42
93,2386,11:08,8:44
81,6282,9:23,5:44
61,7154,8:36,7:04
177,16690,13:22,6:44
48,16637,13:35,8:40
258,9661,13:45,13:56
115,10602,6:29,13:05
63,10123,4:49,10:23
66,2702,7:36,7:03
164,3211,17:01,13:44
150,16665,12:18,5:21
161,8208,16:27,12:39
218,6288,16:37,10:11
99,14829,21:02,12:54
129,19876,19:58,11:19
272,1476,22:20,5:26
67,10071,21:49,10:00
46,720,12:36,13:33
66,7605,19:50,8:01
71,4635,8:06,5:17
263,4438,12:45,4:04
18,4908,14:59,8:51
128,4846,22:32,8:17
20,17079,5:52,12:54
191,12223,8:51,9:31
255,9431,12:08,13:09
106,9379,5:10,8:18
246,13938,17:05,5:52
13,12123,17:57,5:21
84,13651,14:44,10:14
263,16647,9:30,12:29
4,3600,7:37,6:43
96,16540,10:32,4:52
166,2872,11:11,11:27
299,7856,21:48,11:49
281,16892,19:45,11:36
7,11015,13:32,13:58
22,10598,16:48,9:45
42,3426,19:24,13:57
164,9194,16:00,10:11
208,1534,17:19,11:37
299,6270,4:09,13:05
118,19362,6:21,4:15
115,15604,13:17,10:39
159,14496,7:41,10:07
268,19658,15:25,10:00
243,8044,20:54,5:54
181,4882,16:03,4:09
274,6088,13:18,10:47
123,19494,17:34,9:01
29,18577,21:32,5:13
88,9195,8:29,7:19
93,12811,7:54,12:18
219,1909,15:41,8:04
267,17176,6:09,5:25
271,11497,9:51,5:41
296,1498,18:27,11:48
282,270,16:40,9:57
176,10517,19:22,12:22
190,1138,7:04,12:39
7,15062,21:58,5:25
230,1538,5:29,9:06
200,14415,19:16,13:28
227,4652,8:19,8:02
72,18237,17:48,9:59
43,10207,18:03,13:22
251,11063,6:54,4:02
115,18550,11:41,9:13
158,11531,14:12,13:56
189,10425,10:33,12:08
191,14277,16:09,5:00
269,8760,17:11,12:31
281,3783,16:26,8:37
44,6023,8:24,11:32
154,4227,12:13,6:09
278,12408,12:14,9:52
157,10649,13:37,11:50
26,2971,17:05,11:37
231,17420,10:31,7:36
132,6591,10:52,6:01
49,12025,20:53,9:11
204,19704,9:48,6:57
71,10912,8:05,5:11
40,2950,6:33,13:02
8,17014,5:08,7:33
39,15488,10:45,10:28
204,16189,8:32,10:57
100,9234,13:43,8:25
4,1234,5:58,10:24
169,1866,5:55,12:07
88,17626,22:54,11:50
231,13803,14:31,10:07
212,1969,7:10,9:52
189,5241,16:55,12:58
161,4715,16:29,12:42
64,9686,22:17,4:57
251,1215,13:01,8:20
67,12540,4:10,4:37
67,16703,7:53,10:21
271,810,9:11,5:49
167,11789,22:54,4:20
72,12972,5:56,7:49
87,19258,12:06,6:36
52,9882,19:45,13:29
66,3229,7:20,10:10
29,7171,12:20,10:59
202,1391,9:40,8:29
210,8584,19:50,4:39
69,364,5:57,11:53
